filename,Healthy,MalNutrisi,Stunting
Malnurished-9-_png.rf.a97b169425cdfdec1788b21e44cea203.jpg,0,0,1
NU-421-_jpg.rf.d488b00c3c9f22290895d0f7ce371c5a.jpg,0,0,0
NU-422-_jpg.rf.e45e852dc1cf6e10ca271a6a9514922b.jpg,1,0,0
NU-989-_jpg.rf.7e5fbe730ce27b28b7e28bfa93873ce4.jpg,1,0,0
NU-944-_jpg.rf.1eab9354204bd0cb7fcc61e6e1b0ea38.jpg,1,0,0
NU-986-_jpg.rf.87d490b50f67929d8617431ff1e757bc.jpg,1,0,0
NU-187-_jpg.rf.e58d43bc584e5b81b6ff33147d146724.jpg,1,0,0
NU-960-_jpg.rf.71815b2989c1f42b01fe4ceb5bb17fe1.jpg,1,0,0
NU-955-_jpg.rf.1403576925f6f29224553438472a29ff.jpg,1,0,0
Malnurished-138-_jpg.rf.1ff4c19746805e5c652dc252dfb439f9.jpg,0,0,1
NU-991-_jpg.rf.f615f614e792d08b588b65257560e3bc.jpg,1,0,0
NU-953-_jpg.rf.5e10fef6024a2b66dd5ff304e78641d0.jpg,1,0,0
NU-929-_jpg.rf.40f656006deab997c450de69280ac14f.jpg,1,0,0
NU-98-_jpg.rf.9e468f014ce698bd46772028172f3d2d.jpg,1,0,0
Malnurished-898-_jpg.rf.9ba62c4fa16b7a3e439a8f125462dc11.jpg,0,0,1
NU-981-_jpg.rf.5f85c6f5886285be88672c49f946805d.jpg,1,0,0
NU-958-_jpg.rf.ca751cc244a850d64e4260cb40bfb0ec.jpg,1,0,0
NU-945-_jpg.rf.d89cf361ee5ff2cc97734b6ee98f00c2.jpg,1,0,0
Malnurished-331-_jpg.rf.393b6aaca4ff106da2e683c8566a6f52.jpg,0,0,1
Malnurished-688-_jpg.rf.24d53758169a84286016b646b0c3e876.jpg,0,0,1
Malnurished-605-_jpg.rf.7d73f947ea72459c87d8c63b854322dd.jpg,0,0,1
NU-445-_jpg.rf.64130995365a92b0271545f0e190aada.jpg,0,0,0
NU-141-_jpg.rf.2cefb48954ff1981312cf918c9b17a8b.jpg,0,0,0
Malnurished-855-_jpg.rf.d973d99ab4d52465bcb128cad54f27f5.jpg,0,0,0
NU-988-_jpg.rf.8374686c7200cb3ef02fa35154e532d4.jpg,1,0,0
NU-95-_jpg.rf.c8a193b46891c40ff975630e456f01da.jpg,1,0,0
NU-928-_jpg.rf.f5db20cc5d5ad9a81e308a08d1f3c281.jpg,1,0,0
NU-983-_jpg.rf.2ce0509279945e58fd0f862b5326e39b.jpg,1,0,0
NU-156-_jpg.rf.6c06cd2d49987d70f2abafd0a3c7f83e.jpg,0,0,0
NU-43-_jpg.rf.ac45edc830c7588ebe1681250bf3f358.jpg,1,0,0
NU-645-_jpg.rf.a9cedaccf507e6e16eb70489fd942c72.jpg,1,0,0
NU-99-_jpg.rf.f341c7041a8107e4bcd93f1ad23bc362.jpg,1,0,0
NU-984-_jpg.rf.73147aa48d93d54ca00885c3c1839473.jpg,1,0,0
NU-974-_jpg.rf.6c112a126ac589f1134e370ceb321cec.jpg,1,0,0
Malnurished-899-_jpg.rf.b92c57f21981b8b0c11a139fefbc2d26.jpg,0,0,1
NU-427-_jpg.rf.db7f72ca26e8ca0dbf119e8013aa6aa6.jpg,1,0,0
NU-423-_jpg.rf.9ad141c364538b3b4128ab8eb2759b85.jpg,1,0,0
NU-424-_jpg.rf.726ed2a183b0a4c30f75ea6a2b9ad690.jpg,0,0,0
NU-847-_jpg.rf.068ba64aa719a9ab79b2e8ef31e3c867.jpg,1,0,0
Malnurished-394-_jpg.rf.127ae3196c176e9dd10ac2f1aff8695e.jpg,0,0,1
Malnurished-608-_jpg.rf.c3e742828fdd84992163b48895240707.jpg,0,0,1
Malnurished-687-_jpg.rf.8fe55e792629b2deac5f8bec19ac33b4.jpg,0,1,0
Malnurished-137-_jpg.rf.54ae66a30d72b7d733ec27b17b224691.jpg,0,0,1
Malnurished-9-_jpeg.rf.77103d8d34512887937fbe32aedc2a39.jpg,0,0,1
NU-36-_jpg.rf.7da63005331114a94a4f2780def8fc98.jpg,1,0,0
NU-647-_jpg.rf.e74a62b2b44567e8c2d721fe8dddd17e.jpg,1,0,0
Malnurished-395-_jpg.rf.274c8233c49d95f9c018a2ffe62d0868.jpg,0,0,1
NU-939-_jpg.rf.05897d86111e43c330baead116804b5a.jpg,1,0,0
Malnurished-386-_jpg.rf.7e431dac18666ed1d6155ad63f41042b.jpg,0,0,1
Malnurished-387-_jpg.rf.80fc45e7edb707aeaf450c16fb50ec41.jpg,0,0,1
NU-447-_jpg.rf.49755c00df04beb82fe69fa989daabd0.jpg,1,0,0
Malnurished-399-_jpg.rf.143add7f770d7d9b68afb38092f411fc.jpg,0,0,1
NU-340-_jpg.rf.3198a524bebf53ea721cb8db86b13003.jpg,1,0,0
NU-414-_jpg.rf.b0ea809a07ba3d0b4a4c607674e335ea.jpg,1,0,0
Malnurished-310-_jpg.rf.19564eafdd5d651ecd99e1fc545e31e0.jpg,0,0,1
Malnurished-389-_jpg.rf.79c424d3755ac5fd99958914f43378a2.jpg,0,0,1
NU-366-_jpg.rf.fb1e12d9fb9cd124ca82870d151a18f1.jpg,1,0,0
NU-940-_jpg.rf.9abb3eac33b3872f2de61acba141e1eb.jpg,0,0,0
Malnurished-82-_jpg.rf.a89be8cec1bcdc351c6184d66314f162.jpg,0,0,1
NU-429-_jpg.rf.6ef846de138b54847f8737db6199f503.jpg,1,0,0
Malnurished-413-_jpg.rf.3b7a1391154cf5444bab9dd9096a2175.jpg,0,0,1
NU-966-_jpg.rf.2f703f28e1384d78717ab7466ed9ed63.jpg,1,0,0
Malnurished-66-_jpg.rf.fb497faa7a8cf184462699753450180f.jpg,0,0,1
NU-425-_jpg.rf.56f414396b1bcdc75e505278ca249168.jpg,0,0,0
NU-417-_jpg.rf.01fe33fb5fb0e3d7a0d1efa1210e4c66.jpg,1,0,0
Malnurished-123-_jpg.rf.025f6c394172049ceb7d298b4cf66eac.jpg,0,0,1
NU-642-_jpg.rf.e9b82b0d4a197f964ee6fef45450c15e.jpg,1,0,0
NU-856-_jpg.rf.99d9371922ac55a3b5f550639a8d9627.jpg,1,0,0
NU-19-_jpg.rf.e359452ee99c5a57f26be428455188f7.jpg,1,0,0
Malnurished-397-_jpg.rf.101835146927718bbc5a7ccea1116996.jpg,0,0,1
NU-158-_jpg.rf.188aef01121681e28a61693ab6b0cd8a.jpg,0,0,0
NU-591-_jpg.rf.340c2bcff8faab37050fb66fc8a706cb.jpg,1,0,0
NU-995-_jpg.rf.1d16f5c660e3c4b9b6a3e9be8a5321ff.jpg,1,0,0
NU-641-_jpg.rf.de9fdcad2eae64ef61e6e918d998574f.jpg,1,0,0
NU-441-_jpg.rf.1dce7674b1415f46191fec7e4f68596c.jpg,1,0,0
NU-430-_jpg.rf.02a88ad3d471ea79b7cf263e9bac5a1c.jpg,1,0,0
Malnurished-329-_jpg.rf.029f6e5d8214030e3ab1793d2c07deec.jpg,0,1,0
NU-446-_jpg.rf.cc9c564faf75789effa2e32a2ccc012c.jpg,1,0,0
Malnurished-41-_jpeg.rf.ef6ca39029868450bcc583e09ed0ce27.jpg,0,0,1
Malnurished-33-_jpg.rf.2538d480433978354b452e4babd73c52.jpg,0,0,1
NU-442-_jpg.rf.37387b60a357d99a90c9388972aa1c12.jpg,1,0,0
NU-94-_jpg.rf.b8b6e697f4edbd5293a89ff563c02041.jpg,0,0,0
Malnurished-333-_jpg.rf.bd7e4a6b22a714b4ee24d4efb0916b96.jpg,0,0,1
Malnurished-4-_jpeg.rf.da74d255520383c83698aac989ce04c0.jpg,0,0,1
Malnurished-412-_jpg.rf.24b08d44a9d8dd28cd7957c4bba3d978.jpg,0,0,1
NU-976-_jpg.rf.6f9ebcfd1d18ff0f9231d3fe739b3f7b.jpg,1,0,0
NU-260-_jpg.rf.84dfe93feb8edcc32ed35d56edbb75d7.jpg,1,0,0
Malnurished-411-_jpg.rf.951254daa6f1f989beb277d9db34415c.jpg,0,0,1
Malnurished-39-_jpg.rf.2778fb5f3d51cf052f1d99fae9b287cd.jpg,0,0,1
NU-579-_jpg.rf.6341ce7cf80ab318864f78f4c51da693.jpg,1,0,0
NU-355-_jpg.rf.2ba65622ee4d0d10940af4577cfc8b89.jpg,1,0,0
NU-277-_jpg.rf.b2b0ed2a8f66b3668635a0f27599be74.jpg,0,0,0
NU-352-_jpg.rf.7e784e877487bc5d6d74fd485c241ca5.jpg,1,0,0
NU-449-_jpg.rf.debd535d34cde468912cbadc4c3a0fe8.jpg,1,0,0
Malnurished-181-_jpg.rf.6a808032fa4bf9767850459a0eac8ca5.jpg,0,0,1
NU-451-_jpg.rf.6a6be41a0039c9e06a171f7f2206768e.jpg,1,0,0
Malnurished-198-_jpg.rf.2ae1636bf548409d737b9a7270506136.jpg,0,0,0
NU-416-_jpg.rf.49a4b0f7d81040878a265e4844ebc871.jpg,1,0,0
NU-640-_jpg.rf.35975a672d7001f68a202b4aa84bfb38.jpg,1,0,0
Malnurished-388-_jpg.rf.37c0c31cfb1268fbbb7bf782be2ef4c4.jpg,0,0,1
NU-440-_jpg.rf.f9b9c03660bedddd345a70e7c1fac9a2.jpg,1,0,0
Malnurished-569-_jpg.rf.e1b70c178d9a45e36d4aeed16c2af076.jpg,0,0,1
NU-990-_jpg.rf.1a64c80fc49dd04d03275f10c39de5b8.jpg,1,0,0
Malnurished-209-_jpg.rf.06895c745f72494bdc52c607e90a3d2f.jpg,0,0,0
Malnurished-17-_jpeg.rf.6ce16731fa1e395982fdb626f48e8f3c.jpg,0,0,1
NU-638-_jpg.rf.ad7f71a0d2223cb935cea5e844a8678f.jpg,1,0,0
Malnurished-205-_jpg.rf.16c0e11b341b23c602af2b490a0d3937.jpg,0,0,1
NU-450-_jpg.rf.c694b1ac66498d199fb543c7902c242c.jpg,1,0,0
Malnurished-391-_jpg.rf.76c4e8d0e6a1898e0ef858a8abbe3efa.jpg,0,0,1
NU-432-_jpg.rf.3a4ac77013eff0883c3282d56ffc5760.jpg,1,0,0
NU-197-_jpg.rf.a6469d45c0881b3186dfca102e137749.jpg,1,0,0
NU-606-_jpg.rf.58c7ff1374194d5e6a67219b006fe2d8.jpg,1,0,0
NU-35-_jpg.rf.412dd541f95884a42a6260593926973f.jpg,1,0,0
NU-214-_jpg.rf.447e5d605330c78bfbc30c69b5442f13.jpg,1,0,0
Malnurished-402-_jpg.rf.d800d976413396cbae196e2bff6647f6.jpg,0,0,1
Malnurished-428-_jpg.rf.6af08ffed859d63ad896b1ea9e5197f8.jpg,0,0,1
NU-157-_jpg.rf.b288e33a98fed73a3deaef47e0b9884e.jpg,1,0,0
NU-292-_jpg.rf.370907d602ba0fd5f8953394c7c0197d.jpg,1,0,0
Malnurished-390-_jpg.rf.233cac1b7be894e86f2250cbef2c7295.jpg,0,0,1
Malnurished-192-_jpg.rf.4a84a75c3befb3531546a8cc9e5c685e.jpg,0,0,1
Malnurished-43-_jpg.rf.5cf466d4490bd7ffe536784f64c44e89.jpg,0,0,1
Malnurished-430-_jpg.rf.b73808984c3fbc98470b09d0d670acac.jpg,0,0,1
NU-431-_jpg.rf.b4cb404a43b147d173765fd01275b7e8.jpg,1,0,0
Malnurished-419-_jpg.rf.1d28fb4f582a258edcd357c8a3431b66.jpg,0,0,1
NU-350-_jpg.rf.e19996f4b8a4f984aea1232e8a114aff.jpg,1,0,0
Malnurished-401-_jpg.rf.8c4736c666ca424f383699bac92e2143.jpg,0,0,1
Malnurished-392-_jpg.rf.fd3fb2fc6a02dc355c68fc7863521e0c.jpg,0,0,1
Malnurished-571-_jpg.rf.8141d6b966d8ee46a4b53e7308b0a547.jpg,0,0,1
Malnurished-151-_jpg.rf.e354584693a276bf7fba58500d84b5a5.jpg,0,0,1
NU-767-_jpg.rf.49a2a9b2eb786644c7dcf281be4a5698.jpg,1,0,0
NU-342-_jpg.rf.03b515df5d5252fa64b771876d82eb7b.jpg,1,0,0
Malnurished-316-_jpg.rf.603217161b8474ce547ccce77157d2d9.jpg,0,0,1
NU-343-_jpg.rf.901823dd1531918ab8f510795ed23f76.jpg,1,0,0
Malnurished-204-_jpg.rf.0c96cfc9c39cb03f1a7010e4cf1af421.jpg,0,0,0
NU-216-_jpg.rf.32234e3627919fe2eed937653d1f4be4.jpg,1,0,0
NU-351-_jpg.rf.e9cf85663c9e9510f9b944c5acf9e7ea.jpg,1,0,0
Malnurished-43-_jpeg.rf.40b340665e94b5da447d73991bb6e37c.jpg,0,0,1
NU-992-_jpg.rf.7bdb4fb4c3987e4c319d902acf7253d9.jpg,1,0,0
Malnurished-408-_jpg.rf.5713ad7c8a353c7a13943438774063fb.jpg,0,0,1
Malnurished-429-_jpg.rf.111b4cb93af485cd48409fb79eef7e90.jpg,0,0,1
NU-452-_jpg.rf.79f225949b7c6292ea8bc8bc62df3f9b.jpg,1,0,0
Malnurished-726-_jpg.rf.6a637eafcc3f83c31a1263ec1893e0f4.jpg,0,0,1
NU-465-_jpg.rf.0fd93726b566293db516343b946d44f7.jpg,1,0,0
Malnurished-409-_jpg.rf.8ddb7cade51a70bb48cfc3e0085fd502.jpg,0,0,1
Malnurished-427-_jpg.rf.cb3463cd4d10bdcca975f31fd792acd7.jpg,0,0,1
NU-759-_jpg.rf.15129e4e5f109cb7b39d9e3b408b458a.jpg,1,0,0
Malnurished-833-_jpg.rf.02d38dbaf28ebc5360fe382edef05ab1.jpg,0,0,1
NU-943-_jpg.rf.caca1007093f12a401afb7fc2fc7aa65.jpg,1,0,0
NU-462-_jpg.rf.35c61b0cd0557ab2fab96e8032e3a137.jpg,1,0,0
NU-664-_jpg.rf.179f0ea28476330aae31ecf016b3c78f.jpg,1,0,0
NU-436-_jpg.rf.2a2501154a34a207e55627c6d4437096.jpg,1,0,0
NU-217-_jpg.rf.f4fa87f06a3feca1b6131269dfb095bc.jpg,1,0,0
NU-56-_jpg.rf.92f221782fcc86ebfeb358075cabf584.jpg,1,0,0
Malnurished-626-_jpg.rf.fc63dad616fe57ab9ce4f89df575771f.jpg,0,0,1
NU-196-_jpg.rf.b45bcc8002a874a733db61cc09e429dd.jpg,0,0,0
NU-460-_jpg.rf.adf82857d052597afbd514c4746b8f92.jpg,1,0,0
NU-560-_jpg.rf.6a671400e973af21fba3a6b830a1ef3f.jpg,1,0,0
NU-994-_jpg.rf.70d95ab5e1f46746db4ac13bf194ce8e.jpg,1,0,0
Malnurished-189-_jpg.rf.c6f8472455566608c18f7b0bc518c837.jpg,0,0,1
Malnurished-44-_jpg.rf.902de360be2f8bb65324769b7aa95733.jpg,0,0,1
NU-438-_jpg.rf.9bfa201dcb1c613eea3df3595e0ab0f0.jpg,1,0,0
NU-2-_jpg.rf.a3aebbca83c2c2ba79a7b9ae73e67ed7.jpg,1,0,0
NU-463-_jpg.rf.3cf8d43d3d6dffa5ed6fbdb88ba52361.jpg,1,0,0
NU-476-_jpg.rf.bec41121f1208f3f11c4e5c43c13c28d.jpg,1,0,0
NU-444-_jpg.rf.00cdcab289b28ca45d1658c692f3bd0f.jpg,0,0,0
Malnurished-822-_jpg.rf.b086b438736b91668ed76da10daa1a42.jpg,0,0,1
NU-853-_jpg.rf.3af182d027a600cd5b07f8684d597eaf.jpg,1,0,0
Malnurished-421-_jpg.rf.65eea25dd4283ad467081e696d507881.jpg,0,0,1
NU-580-_jpg.rf.8a871c23cdf81b3bc6e932e985f35d0a.jpg,1,0,0
NU-160-_jpg.rf.111dd17085694dd549f5794b0001a518.jpg,1,0,0
NU-439-_jpg.rf.dd070ea449b2cfe418fc7c3ceea920ab.jpg,1,0,0
NU-319-_jpg.rf.03efbbd922f85f1a5cfcc92d004a92aa.jpg,1,0,0
Malnurished-170-_jpg.rf.1ce45869e06c6af6c21d38656c6e88c6.jpg,0,0,1
NU-696-_jpg.rf.3b78f02f4246c1a73f94a1e4d9357939.jpg,1,0,0
Malnurished-4-_jpg.rf.53420eefe3c98edb8509356baa573b28.jpg,0,0,1
NU-748-_jpg.rf.490128382dbdbd6360e7562bb386c4ec.jpg,1,0,0
NU-475-_jpg.rf.2bc3f229f357a2304e8a9c244c0bc434.jpg,1,0,0
Malnurished-41-_jpg.rf.c7b0fa11b536effa7fa3f0f842a49822.jpg,0,0,1
Malnurished-169-_jpg.rf.7548fbe65e9774466ca7ab72a28a5bf6.jpg,0,0,1
Malnurished-190-_jpg.rf.f65a885641410ee56e852e79cefdfd24.jpg,0,0,1
NU-361-_jpg.rf.d4fc913c9386d823cc4562feeb882874.jpg,1,0,0
Malnurished-450-_jpg.rf.a178db70bfca13cc528e4d3c71ddad96.jpg,0,0,1
Malnurished-723-_jpg.rf.82d2cbf2f2cdc1b03c9cef37bf10a243.jpg,0,0,1
NU-982-_jpg.rf.cb745a72ad34698212d7b9f9956b68a5.jpg,1,0,0
NU-356-_jpg.rf.417a0aa11d55538aee95d7cf4a64b8ba.jpg,1,0,0
NU-363-_jpg.rf.a077b3ab1be7e2959f3238dac8667830.jpg,1,0,0
Malnurished-816-_jpg.rf.133270ffafb432b7d4c7d0af4a5c20b7.jpg,0,0,1
NU-219-_jpg.rf.bb2a5c3a1c9032efa59f8050f88986ea.jpg,1,0,0
Malnurished-802-_jpg.rf.969a34e1f698452a58b0076d4419c266.jpg,0,0,1
NU-764-_jpg.rf.9cad7c33715d89daac5a5e4b47f957b0.jpg,1,0,0
Malnurished-422-_jpg.rf.8770253a917ebc8117735d9550fa84e8.jpg,0,0,1
NU-848-_jpg.rf.fcbce945fd38695ee0b136a4a52f4342.jpg,1,0,0
NU-454-_jpg.rf.85ce889774f6491c28a8206c6f6abc7a.jpg,1,0,0
NU-763-_jpg.rf.abb25224b790a047ddefc95692909069.jpg,1,0,0
Malnurished-156-_jpg.rf.b04f4d78155b033b93e145baba24d48c.jpg,0,0,1
Malnurished-417-_jpg.rf.430e1b40846b64d2248edfd27b2937cd.jpg,0,0,1
NU-16-_jpg.rf.6bd87ddde4292b48bede5c6643cddf35.jpg,1,0,0
NU-473-_jpg.rf.990010a05a1a2eb80099e6eeca521551.jpg,1,0,0
Malnurished-465-_jpg.rf.abf70e212ae78cc1a011b3a163f98df3.jpg,0,0,1
NU-159-_jpg.rf.421b66e40b564bd205bb461905d0678b.jpg,0,0,0
NU-456-_jpg.rf.b2ca923bb6b258ce2b112c04904b9c6c.jpg,1,0,0
NU-174-_jpg.rf.a3fe97191054b0eecf59a1f2773bdfca.jpg,1,0,0
NU-455-_jpg.rf.d2fc82ad6a9441a659889c8c325438ba.jpg,1,0,0
Malnurished-728-_jpg.rf.90e0f365b53195a18274a45ba155695b.jpg,0,0,1
Malnurished-434-_jpg.rf.c00271d10a72d882218d8d3834fabbf5.jpg,0,0,1
Malnurished-828-_jpg.rf.e40dc643e0e24324eb7427d6fcf489dc.jpg,0,0,1
NU-198-_jpg.rf.357b057511bdc695bf7c3d838ce4d120.jpg,1,0,0
Malnurished-600-_jpg.rf.4904ddec3e269c04cfef7a107f5b1ea9.jpg,0,0,1
NU-474-_jpg.rf.f0adfe5a22047ba8c6e753ebd67ea084.jpg,1,0,0
NU-844-_jpg.rf.f695ef3dc4b357270323f9b8705a3b56.jpg,1,0,0
NU-637-_jpg.rf.3eebf230969d1eebbec60a3c171d0889.jpg,1,0,0
Malnurished-455-_jpg.rf.3988d9fa19cb80d1ac468084cb02e451.jpg,0,0,1
NU-359-_jpg.rf.b0fcf05b0f41a01d780d0547e09440fc.jpg,1,0,0
Malnurished-19-_jpeg.rf.ea7119bf467d537e9d9e858fcda42e8d.jpg,0,0,1
NU-625-_jpg.rf.3767350885240724b5a0c4dee8db3c2a.jpg,1,0,0
NU-501-_jpg.rf.f1c1ae13ac72e54afc7ba95f4c41a35f.jpg,1,0,0
NU-472-_jpg.rf.4241f42ada9b54da831963b0e7203888.jpg,1,0,0
NU-697-_jpg.rf.e722f255eb7fb4cbd547338ce6577c6f.jpg,1,0,0
Malnurished-342-_jpg.rf.d0d2812832c3bce19f0e10dc7d46f1cd.jpg,0,0,1
NU-623-_jpg.rf.e3c5b5a81a9e1f7d5767b55e4b3ef581.jpg,1,0,0
Malnurished-206-_jpg.rf.bb1f5a1a7f3ffc7f8e5df3113f32ad86.jpg,0,0,0
Malnurished-624-_jpg.rf.481e55ce0ac5bc55d1ee0cb65646d338.jpg,0,0,1
NU-142-_jpg.rf.d85c9a8be5c9cb2c6282c19fce4b6372.jpg,1,0,0
Malnurished-423-_jpg.rf.79b0c0de42ffb369559d62188a133eef.jpg,0,0,1
Malnurished-454-_jpg.rf.d256f00558116440f79ca3a4c09349de.jpg,0,0,1
NU-768-_jpg.rf.dbcf240f5037b53fdb8447c159d52597.jpg,1,0,0
NU-360-_jpg.rf.aa0678ccf6f92fe1dd5d2bd9a301041b.jpg,1,0,0
Malnurished-199-_jpg.rf.ed3d093807f5a36feef95b15287474f0.jpg,0,0,1
Malnurished-444-_jpg.rf.2a824e6c84020afba383f8e7ed6a13d6.jpg,0,0,1
NU-581-_jpg.rf.a85b4c74ee344779f4809252bae54bd6.jpg,1,0,0
Malnurished-193-_jpg.rf.e2a93737e4e8ce6ca3a9d137ec753f40.jpg,0,0,0
Malnurished-725-_jpg.rf.e52b34c2695a9180292f9ff93d06efc6.jpg,0,0,1
NU-699-_jpg.rf.0c6d395d21392e8be679b4e0993b71f1.jpg,1,0,0
NU-485-_jpg.rf.712830da88c9333a0a9ed1ded923dfb9.jpg,1,0,0
Malnurished-208-_jpg.rf.a18c8be6010b5727b44d865820375646.jpg,0,0,0
NU-49-_jpg.rf.a086e5a978d9f8cbf149d806045cbac3.jpg,0,0,0
Malnurished-724-_jpg.rf.d0795401b0f40b350bfb7c65d92fbd7f.jpg,0,0,1
Malnurished-466-_jpg.rf.5ee8105ff41025fb8e82c98ff3d6de5d.jpg,0,0,1
NU-467-_jpg.rf.f1069ce33eed5c27ead49dee52cb0908.jpg,1,0,0
NU-206-_jpg.rf.5917faac394b212822fa0fa0db362ba6.jpg,1,0,0
Malnurished-451-_jpg.rf.e7399ff16a52645f82a53ed055358d31.jpg,0,0,1
Malnurished-628-_jpg.rf.871a567025f0b492c4c969182bcba201.jpg,0,0,1
NU-698-_jpg.rf.eb9586d1228c574f3512b65d8232e5ff.jpg,1,0,0
Malnurished-339-_jpg.rf.65fcb3175cccb875837eee66160379b4.jpg,0,0,1
Malnurished-477-_jpg.rf.461a0cf3046db8315f0656a8590f5c60.jpg,0,0,1
NU-368-_jpg.rf.48ae277b3bf9d8f46780658727bdc39d.jpg,1,0,0
Malnurished-431-_jpg.rf.604108a035394a5750a2224843f04416.jpg,0,0,1
NU-192-_jpg.rf.b36ef64bc6f223c466892762d2e54f2f.jpg,1,0,0
Malnurished-327-_jpg.rf.4db6c7b9a95dd42698dd570c17bc96a0.jpg,0,0,1
NU-487-_jpg.rf.180e886d93e8996ddfe5bb3d78c09f27.jpg,1,0,0
NU-294-_jpg.rf.3bc82590ac004b0c137a645f153004f0.jpg,1,0,0
NU-858-_jpg.rf.66f3321a47811a3cc5ca37b0cb4de4ac.jpg,1,0,0
NU-478-_jpg.rf.abcb6545b54eb63cab78156187649f8b.jpg,1,0,0
NU-184-_jpg.rf.f94832d0f0495ec9c61113fea667dc4b.jpg,1,0,0
NU-87-_jpg.rf.15cb891e8adce253a906456c145dc13d.jpg,1,0,0
Malnurished-404-_jpg.rf.04b387122713ab1284e574a3b73650a3.jpg,0,0,1
Malnurished-214-_jpg.rf.960d99edac6bd046a1c7e9ca9af8d7ca.jpg,0,1,0
NU-479-_jpg.rf.ff5cc3c8ed641f7961f8218d9b95d152.jpg,1,0,0
Malnurished-660-_jpg.rf.796a2be3f6ed2bd5d50b56697c894907.jpg,0,0,1
NU-489-_jpg.rf.58ff6d3391c7fabfc0e0b25f79562c56.jpg,1,0,0
Malnurished-567-_jpg.rf.14416bb475a40e05d9a7ddbe125ab73f.jpg,0,0,1
Malnurished-8-_png.rf.d68ea5195c9b2a37797968022b4f096f.jpg,0,0,1
Malnurished-478-_jpg.rf.aef15f4e0487c4405f0cf400b11d01ef.jpg,0,0,1
NU-883-_jpg.rf.c3d94779c64bb8362aaf009341c9cf34.jpg,1,0,0
Malnurished-2-_png.rf.b83e722166a336bfdc4afcaac9d41673.jpg,0,0,1
NU-84-_jpg.rf.cc01b8328fbc36af0c01c2a41e301339.jpg,1,0,0
NU-488-_jpg.rf.c521a5d99882c2324e6abb5e526e78a0.jpg,0,0,0
Malnurished-548-_jpg.rf.02fdc67a8f067ffe1a7faba6827d2330.jpg,0,0,0
Malnurished-175-_jpg.rf.5b2f0f3ed6d4ceae7ef0fa9caaececf6.jpg,0,0,1
NU-205-_jpg.rf.752d2020318491e8c5aa61508858f60b.jpg,1,0,0
Malnurished-662-_jpg.rf.4b4ed17f0a1906746fd2c1a2b2d8ebd2.jpg,0,0,1
NU-627-_jpg.rf.a76c2a527e59584f467d20b06d036e76.jpg,1,0,0
Malnurished-457-_jpg.rf.4381c663c19301a43afce506eb3aebaa.jpg,0,0,1
Malnurished-203-_jpg.rf.475ce293b54a6f041c84e20e663e8e97.jpg,0,1,0
Malnurished-590-_jpg.rf.e044196187fdf81ac66002e278f4fa43.jpg,0,0,1
NU-7-_jpg.rf.2cc6a934251ff3567732d9be7eebc6f4.jpg,1,0,0
Malnurished-425-_jpg.rf.4e181eb656f35de3c51ebf87a9b2fa6a.jpg,0,0,0
NU-592-_jpg.rf.097daae2782b2819ef8d0fb30964a70a.jpg,1,0,0
NU-486-_jpg.rf.0859e543bfe718a00c3ee1dc9851de54.jpg,1,0,0
NU-667-_jpg.rf.32e184c4ccb326fb7219566dc4b55e9a.jpg,1,0,0
Malnurished-191-_jpg.rf.a6ad0796d1a159852271d4343dc2eaa9.jpg,0,0,0
Malnurished-19-_jpg.rf.3cbd00524d28aca8c207116fd006cd04.jpg,0,0,1
NU-583-_jpg.rf.bbedcef0ddc6e4fd69ba7c9071b1a346.jpg,1,0,0
NU-477-_jpg.rf.59293dc15ba784d747b0c147d203c733.jpg,1,0,0
NU-202-_jpg.rf.bc72a3aecb63c2d874aa10803a84e5f1.jpg,0,0,0
NU-839-_jpg.rf.80729d7bdb190d1e4ddc69304b238aa6.jpg,1,0,0
NU-458-_jpg.rf.8d59d02f53a03abe3ef7b3bba47c000c.jpg,1,0,0
Malnurished-479-_jpg.rf.cc414dddd6f56043ca0ef90fcef4913a.jpg,0,0,1
Malnurished-277-_jpg.rf.9ad04310a32ba553c0e5a1c7db3b2694.jpg,0,0,1
NU-639-_jpg.rf.ca435d3dab73d0c8a23f173765ee0a9c.jpg,1,0,0
Malnurished-442-_jpg.rf.ec814c7edf31f945bd4a2894e99a081b.jpg,0,0,1
Malnurished-174-_jpg.rf.23b410ceb9aae6fd2f52935f4557be1f.jpg,0,0,0
Malnurished-8-_jpg.rf.dd0e819506a09f61a88dcd7972080db1.jpg,0,0,1
Malnurished-194-_jpg.rf.9f8d4180d608097cea44f9ab48a2dc3c.jpg,0,0,1
Malnurished-456-_jpg.rf.6729045ffeb56d6c158b8bac6a7939a5.jpg,0,0,1
Malnurished-338-_jpg.rf.621119ffaffb3b09087da5950a0edb20.jpg,0,1,0
Malnurished-460-_jpg.rf.10fef9b230341119285cf1e5285e5470.jpg,0,0,1
Malnurished-437-_jpg.rf.62b069a5a013fff545151eb94fa85092.jpg,0,0,1
Malnurished-453-_jpg.rf.a7a72e3ef70738e3d8b037d70fef3b87.jpg,0,0,1
Malnurished-830-_jpg.rf.017d4c44797446266e7fc594d94c36f9.jpg,0,0,1
NU-660-_jpg.rf.a52d952c061987632f3c22eba5fa450c.jpg,1,0,0
NU-469-_jpg.rf.52267dbf12463b4eba51b21a22a709ab.jpg,0,0,0
NU-181-_jpg.rf.31b99ba49d9723b95725882ac48dc525.jpg,0,0,0
NU-498-_jpg.rf.0a4f02eb3331cf2c86d475d9c37ed0d7.jpg,0,0,0
Malnurished-207-_jpg.rf.3917a74c51f5467d313280c382fc490e.jpg,0,0,0
Malnurished-436-_jpg.rf.a8666415a734b1a8543f19e2d0730658.jpg,0,0,1
Malnurished-2-_jpeg.rf.ff892e7925d3ff430b7587d22cec8456.jpg,0,0,1
NU-336-_jpg.rf.bce5e0e2a62d888c319cbadafacbc1de.jpg,1,0,0
Malnurished-433-_jpg.rf.56faf89ad4ceb69e1c7e7ab9ca22befe.jpg,0,1,0
Malnurished-731-_jpg.rf.1ea41ad3042b2dae454169de91db1227.jpg,0,0,1
NU-218-_jpg.rf.0feb93031e6f648be3f0442b8549d4a1.jpg,1,0,0
NU-471-_jpg.rf.755d6a5eda1f8e0c9091cf30cc8718e3.jpg,1,0,0
NU-211-_jpg.rf.41880275c713b9f695e5205b814fa536.jpg,1,0,0
Malnurished-218-_jpg.rf.66f4b0b250d647c87e6e3f38786687c6.jpg,0,0,0
NU-297-_jpg.rf.50914d544b77e5b64ab892b60d418de1.jpg,1,0,0
NU-842-_jpg.rf.449ac1c8f438248673b86cf9440c6395.jpg,1,0,0
NU-882-_jpg.rf.4b0da3fd52f605375c518ee1db064015.jpg,1,0,0
Malnurished-472-_jpg.rf.c162bcc7ed1c916f8c396c39139051b6.jpg,0,0,1
Malnurished-278-_jpg.rf.92379504b164b649dfb143b654d8c6a8.jpg,0,0,1
NU-604-_jpg.rf.9e69e189092555ee8bf45042a2682070.jpg,1,0,0
NU-872-_jpg.rf.9293d5080453ed850fac761d948ecc28.jpg,1,0,0
Malnurished-426-_jpg.rf.353dcdfd2a66b064470b86b54f79f4a0.jpg,0,0,1
Malnurished-201-_jpg.rf.85885105ce4fcc43b356bb5decb21984.jpg,0,0,1
Malnurished-568-_jpg.rf.eb634f4ef6c7ecf1835c8d3748314f9b.jpg,0,0,1
Malnurished-210-_jpg.rf.f4ca2583447df4dd6271e9d82eef5280.jpg,0,0,0
NU-459-_jpg.rf.ccd584ebc3e4e46aaa3c1d792d759d60.jpg,1,0,0
Malnurished-452-_jpg.rf.d31f9ccd43d3c5cf475284ba38604484.jpg,0,0,1
NU-771-_jpg.rf.dd03710ec619cb8fb4941bebc7e1ef4b.jpg,1,0,0
Malnurished-622-_jpg.rf.e37808abdd453c67fd864f04b7baa526.jpg,0,0,1
NU-357-_jpg.rf.12c457e6b5e52bd7218b86b2d7ea3cbf.jpg,1,0,0
Malnurished-464-_jpg.rf.e326539afac6941a85d2a3c536b754eb.jpg,0,0,1
NU-298-_jpg.rf.5c43a4a2a51ec8c8670468beda9b9356.jpg,1,0,0
NU-672-_jpg.rf.2c48baa7273e48984ec3e8356b024e6b.jpg,1,0,0
Malnurished-180-_jpg.rf.3f9dcbc04a0e4122742965f51aaceed7.jpg,0,0,0
NU-621-_jpg.rf.2aa8f7d97c9df32d9479c77a0162b9d9.jpg,1,0,0
Malnurished-407-_jpg.rf.3cdb17f77c9ac9f46c8098485b0c6ac2.jpg,0,0,1
Malnurished-459-_jpg.rf.7440f1fd2b0eddd56acc2a5a5d374c8e.jpg,0,0,1
Malnurished-584-_jpg.rf.4c7948fad6ac87ea10ba89f12e68e55a.jpg,0,0,1
NU-513-_jpg.rf.c47bebd24ba87d979f2817331154a907.jpg,1,0,0
Malnurished-591-_jpg.rf.e37a7d9518a0436fdcc53b5743b37ef6.jpg,0,0,1
Malnurished-215-_jpg.rf.9c4ff7c9db0148e7fe22cb1f1feb2f9f.jpg,0,0,1
Malnurished-630-_jpg.rf.cc2e89dea17b88c7eba1463045f627ce.jpg,0,0,1
NU-770-_jpg.rf.2bc82613c638a1f089068e24bfb14f3a.jpg,1,0,0
NU-367-_jpg.rf.7c16a2b106da633a13eb62ab2986d7a6.jpg,1,0,0
Malnurished-49-_jpg.rf.154e06c3e3ff47b12f2ecdd4b6bd6806.jpg,0,0,1
Malnurished-544-_jpg.rf.e6fc6a72fb960e97a305b12d76d6ae1f.jpg,0,0,1
Malnurished-346-_jpg.rf.f48bb29ff88f980089368aa643c9a320.jpg,0,0,1
NU-2-_jpeg.rf.b5c07d39d5025a45717d32f4eae31f3c.jpg,0,0,0
Malnurished-689-_jpg.rf.e5ce19fefd3945e79adc88d636242ddd.jpg,0,0,1
NU-369-_jpg.rf.f4fbcf04fb162234be8c61efd760e4ea.jpg,1,0,0
NU-212-_jpg.rf.23b5bbaa4958559472dbe41dfda3e484.jpg,0,0,0
Malnurished-462-_jpg.rf.328f35230e48a24f831c37660651ed90.jpg,0,0,1
NU-855-_jpg.rf.32d0daf0122c326bae777182c8549084.jpg,1,0,0
NU-200-_jpg.rf.c1a45cac641c8d3ccc56b659111ceb11.jpg,0,0,0
Malnurished-488-_jpg.rf.5520fd1aab8316678e0fa2538d93c401.jpg,0,0,1
NU-499-_jpg.rf.c611ca91c31d08c8b91215a6f177eb56.jpg,1,0,0
NU-337-_jpg.rf.371dbbfcbaff1ac68de7f33272659046.jpg,1,0,0
Malnurished-262-_jpg.rf.7c2b12e7b1925e8769fb15b70246bdc9.jpg,0,0,1
NU-496-_jpg.rf.15b5649697bb72995478a5c9e8e1c569.jpg,1,0,0
Malnurished-546-_jpg.rf.5120715b02f73694d336acc3c3c6e77d.jpg,0,0,1
Malnurished-490-_jpg.rf.812c83871c75c0b430785942e2538769.jpg,0,0,1
NU-213-_jpg.rf.ddabe8f064ab2c1273738e70f794b6ca.jpg,1,0,0
NU-22-_jpg.rf.5b15a2661a9a8f1cc400586d2536f262.jpg,1,0,0
NU-299-_jpg.rf.0319815b0525534020f203b021b6c403.jpg,1,0,0
NU-624-_jpg.rf.12be980870e098bdc91c1dcf00349999.jpg,1,0,0
NU-191-_jpg.rf.ded77109ebe874637a531d2c52c3f541.jpg,0,0,0
NU-572-_jpg.rf.91201f3ae4605b9fa8220f4959c05fab.jpg,1,0,0
NU-378-_jpg.rf.2499cbc857b1118a09da87c1e83780b6.jpg,1,0,0
NU-502-_jpg.rf.35a2fa11642654eb6392d0e43adce847.jpg,1,0,0
NU-607-_jpg.rf.9431065ebc9e27bde3f04185115a8189.jpg,1,0,0
Malnurished-809-_jpg.rf.5ab81f060a3f46274046b9c06696e536.jpg,0,0,1
NU-76-_jpg.rf.7b73068995411f6c6ca4c8621652c1f2.jpg,1,0,0
Malnurished-21-_jpg.rf.b436039b381fd98ea3bf96acf0005395.jpg,0,0,1
Malnurished-812-_jpg.rf.b467c5b99a2bce3e1dd2d77c6e9e861b.jpg,0,0,1
Malnurished-471-_jpg.rf.8805c91295757b57d314297065f7cea8.jpg,0,0,1
NU-209-_jpg.rf.91f7116e593b6a35efb938c248eb27fb.jpg,1,0,0
Malnurished-800-_jpg.rf.d6b7f16fa462ec62057b2e8732d370a1.jpg,0,0,1
Malnurished-46-_jpg.rf.aadf224f41e5203a0025349cedebadf4.jpg,0,0,1
NU-289-_jpg.rf.66533a293aebc035b5168a40e5b8799e.jpg,1,0,0
Malnurished-216-_jpg.rf.d15f5a863eb92e73e2867a3e1501e311.jpg,0,0,1
NU-508-_jpg.rf.969f48f3d6e319e28fe2144dac54fda6.jpg,1,0,0
NU-659-_jpg.rf.cbd17e7d40ef1b74a3427caf07607780.jpg,1,0,0
NU-760-_jpg.rf.e9d7fa441672e0a5ec9712694c9009be.jpg,1,0,0
Malnurished-337-_jpg.rf.7d7a6e16f932e81abb07d6407735c44f.jpg,0,0,0
Malnurished-196-_jpg.rf.395acc6d95ac0c06f35784d4c4ad9c6c.jpg,0,0,0
Malnurished-476-_jpg.rf.8648491306b2a77ec69a8850f0323c97.jpg,0,0,1
Malnurished-266-_jpg.rf.25434ab199995b49a45f5bfa22ceaf39.jpg,0,0,1
NU-868-_jpg.rf.f9f54af77e2a6e8ad0dcb4357d1ba02d.jpg,1,0,0
Malnurished-475-_jpg.rf.ff80939787edb16a0c937e1e1885bd76.jpg,0,0,1
NU-874-_jpg.rf.c665a70e3cd8ed80c51a8c21c6462bc3.jpg,1,0,0
Malnurished-334-_jpg.rf.ae89fee3f5dd70b55b4b5e1c71eeabf9.jpg,0,0,1
Malnurished-183-_jpg.rf.f3fdc28bce6697d18f4fee4f110f809a.jpg,0,0,1
NU-493-_jpg.rf.fa263057e34d081c9c7aa69518598fcc.jpg,1,0,0
Malnurished-819-_jpg.rf.0e0a4985b479e0917417bc9cf4689f4c.jpg,0,0,1
NU-865-_jpg.rf.c588e76ed40584acb13f2ed777510edc.jpg,1,0,0
Malnurished-734-_jpg.rf.0cdcacb9d84696303d56a9b40d7da8b1.jpg,0,0,1
NU-628-_jpg.rf.a541d59af47385153cf2d4f43144c9af.jpg,1,0,0
Malnurished-48-_jpg.rf.30281cf8d6320bfe548c50e65bc694d3.jpg,0,0,1
Malnurished-623-_jpg.rf.91b9779e3b3786b5706278193bc07d6c.jpg,0,0,1
Malnurished-1-_jpeg.rf.cb8004bb25bfc6205b785ef4036b98dc.jpg,0,0,1
NU-495-_jpg.rf.b79c4ed822427db9343d5fe6fd63ab26.jpg,1,0,0
NU-21-_jpg.rf.313bce23e7570a8542df0f7cafad96c5.jpg,1,0,0
NU-503-_jpg.rf.f803951903a969dbf0dbcaf9a252be47.jpg,1,0,0
NU-648-_jpg.rf.089f47d8f7d0658f0fdba59de69e02da.jpg,1,0,0
Malnurished-593-_jpg.rf.b025cee91d13b4f8d0372b6c9a2b2800.jpg,0,0,1
NU-619-_jpg.rf.fed4526c899fd35152413ca9879e9632.jpg,1,0,0
NU-643-_jpg.rf.0ad9e32b7a8f881dff651b90f809cdbf.jpg,1,0,0
NU-5-_jpg.rf.a0eefda61f440a6f37d2cf3bf9709e05.jpg,1,0,0
NU-772-_jpg.rf.05bdef38f83e356a6dfb880313b38425.jpg,1,0,0
Malnurished-480-_jpg.rf.7e1a5a8a6a270519c965fb6411e975fa.jpg,0,0,1
Malnurished-473-_jpg.rf.68d7c4b7bd501f2bf3cab5cc17fb9844.jpg,0,0,1
Malnurished-612-_jpg.rf.90ed56e90aef37ced3622a4b85021b87.jpg,0,0,1
NU-522-_jpg.rf.d3bcb6d0e803fe396fa9ff4b10f9079c.jpg,1,0,0
NU-669-_jpg.rf.c54d726178c821de14a6e8b1d7f969ae.jpg,1,0,0
NU-618-_jpg.rf.3ff8095af58354b7793c5cdcd8adecf1.jpg,1,0,0
Malnurished-470-_jpg.rf.f1c9f413178cd5b7630d2703490fed93.jpg,0,0,1
Malnurished-485-_jpg.rf.adf716c72750e203bd965b9b583bb9c8.jpg,0,0,1
Malnurished-211-_jpg.rf.dad832ca8e79db07e7893449c1d55a9a.jpg,0,0,0
NU-505-_jpg.rf.de1bc58734a499beed9ea68ff009ffd1.jpg,1,0,0
NU-221-_jpg.rf.efffc67437cee38674a144332f86afc9.jpg,1,0,0
Malnurished-587-_jpg.rf.c0ae2bef962d54e29348aae994bfa0e0.jpg,0,0,1
NU-622-_jpg.rf.d5e1f547c8a04df52b02a3729f322d15.jpg,1,0,0
NU-849-_jpg.rf.48388f6d160f4846398dd81ec77796ba.jpg,1,0,0
Malnurished-547-_jpg.rf.9672b5771a116a48d9a2d5432a8eec01.jpg,0,0,1
NU-509-_jpg.rf.70f5be97c555251322371933ec38cfa7.jpg,1,0,0
NU-510-_jpg.rf.cce866971a278f96afd475cdb8f57e3b.jpg,0,0,0
NU-571-_jpg.rf.7aba3dc8b521638727cf863a774d9b51.jpg,1,0,0
NU-226-_jpg.rf.b05ca664080aeb589c3c314f5a5b889b.jpg,1,0,0
NU-729-_jpg.rf.108d02302534fd1cd31211b53603be34.jpg,1,0,0
Malnurished-195-_jpg.rf.af12d56eec9b27ef2d66c66ddfa932f3.jpg,0,0,0
NU-3-_jpg.rf.07337aaaa46969762b7043f19dc2b084.jpg,1,0,0
NU-620-_jpg.rf.0bee2a32acf007bcb042a2470140ddd4.jpg,1,0,0
Malnurished-200-_jpg.rf.d4df64d526189786beb511b32e5e20a5.jpg,0,0,0
NU-584-_jpg.rf.4e94584dc91b20f5732e14a6f27e4683.jpg,1,0,0
NU-506-_jpg.rf.a126dbe934741dc4ff5358d0cf9a93fc.jpg,1,0,0
Malnurished-20-_jpg.rf.079feed396e8782dbb5378b8ef6136d0.jpg,0,0,1
Malnurished-186-_jpg.rf.5fc2c2b013e58bbaedc6541108012086.jpg,0,0,1
NU-525-_jpg.rf.cf5d3712ac287da1eafce43755208e1f.jpg,1,0,0
NU-845-_jpg.rf.76a1815901a336f2e0bc0f081a5c6502.jpg,1,0,0
Malnurished-625-_jpg.rf.12e0cdc8db002194145f2c4dc07c57da.jpg,0,0,1
Malnurished-732-_jpg.rf.44cdb33d0ccf933885a6e1628c5ef6a7.jpg,0,0,1
Malnurished-489-_jpg.rf.b5df04b7eb9b1f36f14da0cf0b57e4ff.jpg,0,0,1
Malnurished-184-_jpg.rf.2378261c363b46e14d0c96703c28c92f.jpg,0,0,1
Malnurished-497-_jpg.rf.dd8de88ff8f2fabe0848f6a928281c70.jpg,0,0,1
NU-18-_jpg.rf.426450330f1462ab0eb58473b9b11d05.jpg,1,0,0
NU-376-_jpg.rf.6f7d32ee97c62d900be0b32c671e826d.jpg,1,0,0
Malnurished-538-_jpg.rf.d756ff56677c5d1048e3abd2ce0776ba.jpg,0,0,1
NU-727-_jpg.rf.cc3328263d1aaf786dd2252192ddd1cb.jpg,1,0,0
Malnurished-586-_jpg.rf.f3e9729ba5674c0980601148191355a7.jpg,0,0,1
NU-48-_jpg.rf.b355f68ac1ecb762e1a53edc611ef208.jpg,1,0,0
NU-193-_jpg.rf.25452dada7812f2a00caa27f8cc34123.jpg,0,0,0
Malnurished-588-_jpg.rf.7c900476c17ea062364a86b508157d43.jpg,0,0,1
NU-497-_jpg.rf.f9c4c2ae22ce7167d3b6e372599fed79.jpg,1,0,0
NU-230-_jpg.rf.8ff15f535d3f283738ba6cf513ab9e7c.jpg,1,0,0
Malnurished-220-_jpg.rf.78197c22b670ec12e59df52818de6ac7.jpg,0,1,0
Malnurished-491-_jpg.rf.59d0900fb014e2aea63ce97b86f8bbc1.jpg,0,0,1
NU-210-_jpg.rf.9f7e2a75e5e8666c2001995f84d63953.jpg,0,0,0
NU-52-_jpg.rf.be0a8efe97f769abee260839d300c75f.jpg,1,0,0
Malnurished-202-_jpg.rf.19a2fed220c9f23535cf18bd2f086767.jpg,0,0,0
NU-573-_jpg.rf.5bc3f48741a74ec2d0549504efe4cba0.jpg,1,0,0
NU-524-_jpg.rf.d926abb1251cab21bf0b0fcc8772f155.jpg,1,0,0
NU-507-_jpg.rf.d3ffd41ad0259cca9c9957a2faf095a8.jpg,1,0,0
NU-484-_jpg.rf.b1d5c5d32588a1c643d5ba91c08bdd21.jpg,1,0,0
Malnurished-448-_jpg.rf.313fdc1453060b7daa1da8627465392f.jpg,0,0,1
Malnurished-345-_jpg.rf.49da97cb8ef987134e3816e94bd28d32.jpg,0,0,1
Malnurished-445-_jpg.rf.1d2cd97c5b98c18d33d422648cf24f94.jpg,0,0,1
NU-38-_jpg.rf.4b3682979313484af2ddba2b826baf9d.jpg,1,0,0
NU-281-_jpg.rf.332c5788d3f6a124e285d9194eff6576.jpg,1,0,0
NU-483-_jpg.rf.15a382cd3e4af8a47fa1b54b7604db6f.jpg,1,0,0
Malnurished-826-_jpg.rf.d407285ef76c921a516ff5b14649a58d.jpg,0,0,1
NU-208-_jpg.rf.1887b71f17f25c8bd9f990eb1853bf20.jpg,0,0,0
NU-867-_jpg.rf.0214835f1892076395fe3c781ec7e59f.jpg,1,0,0
Malnurished-492-_jpg.rf.e7743a88d57474541d70d90dac63d4ab.jpg,0,0,1
Malnurished-350-_jpg.rf.801dadd34938d5dd88bf776f845654e8.jpg,0,0,1
Malnurished-607-_jpg.rf.124a924b8ea5c2a1ecd8648747f78a98.jpg,0,0,1
Malnurished-351-_jpg.rf.fa50d6b1de1518cc45484f9003411b8a.jpg,0,0,1
Malnurished-353-_jpg.rf.d1c856c9702cad672c85838ad8702476.jpg,0,0,1
Malnurished-187-_jpg.rf.f4f8100e2481628d493dda0114a9b429.jpg,0,0,1
Malnurished-827-_JPG.rf.817dd58e49b51c568857c7f4ba2d2361.jpg,0,0,1
Malnurished-801-_jpg.rf.60061208877e9d5accc242c1f5845cea.jpg,0,0,1
Malnurished-284-_jpg.rf.a5126e6ace4a14eb7f75f4d390a2fdd4.jpg,0,0,1
Malnurished-537-_jpg.rf.d6980cc089606ae6d50e29880c0eb505.jpg,0,0,1
Malnurished-823-_jpg.rf.deb696bdc7d4421f35c07c91e6e802b8.jpg,0,0,1
Malnurished-335-_jpg.rf.8f4a2b601d6e87fb3983baed1fe703a4.jpg,0,0,1
Malnurished-690-_jpg.rf.d960a0a14b90012a46b6be23dd3ad490.jpg,0,0,1
NU-379-_jpg.rf.163f6ebe1e83501108dfa2cd9dc1bb7a.jpg,1,0,0
NU-65-_jpg.rf.d7ff970bac2695369d21732002727ea3.jpg,1,0,0
Malnurished-824-_jpg.rf.cf8877a366e4a89c0eaee133bba319ff.jpg,0,0,1
NU-354-_jpg.rf.bd044b089bae318d166e48ecdbb187c1.jpg,1,0,0
Malnurished-224-_jpg.rf.42d0b86e13cbc6883348689ec6631cd3.jpg,0,0,1
Malnurished-635-_jpg.rf.c3e0bf19b76d80bb145151e946ce87f0.jpg,0,0,1
NU-30-_jpg.rf.1acc215a66819e28033fd566e87d0d6d.jpg,1,0,0
Malnurished-336-_jpg.rf.4244e16397d59db3cfce1bacccca60de.jpg,0,0,1
Malnurished-611-_jpg.rf.f595ee5a198a963e781eb30e17f8927e.jpg,0,0,1
Malnurished-572-_jpg.rf.8bc49a72c7a09ed622587d1f428bf49e.jpg,0,0,1
NU-286-_jpg.rf.430b6d92cb4f19785966b9fb354849cc.jpg,1,0,0
Malnurished-45-_jpg.rf.3addcb393bed08ea8323016cf395ad98.jpg,0,0,1
Malnurished-27-_jpg.rf.c6d493d69a4e9fadc3ad4201bee31df0.jpg,0,0,1
Malnurished-69-_jpg.rf.dc1ac5926ea719478826b715ca6740d4.jpg,0,0,1
Malnurished-469-_jpg.rf.593218e9a6c4da2bd0c46f2289338cfb.jpg,0,0,1
Malnurished-22-_jpg.rf.71b33854779bc9bd15d8c766c1dafb92.jpg,0,1,0
NU-231-_jpg.rf.f57fa5ba45cc1ede5b389ffca36b237d.jpg,1,0,0
NU-63-_jpg.rf.ccb50999c4f8d95e8eba7df02fd85dfb.jpg,1,0,0
NU-377-_jpg.rf.09adc2486b30b216c6124eb8971087ef.jpg,1,0,0
NU-481-_jpg.rf.12eb84e4c119e5c668087b7c90b91afb.jpg,1,0,0
Malnurished-610-_jpg.rf.31c66c41f808df711e17ad40147d9837.jpg,0,0,1
Malnurished-281-_jpg.rf.5e4986aabb9cce6281268689c680fe44.jpg,0,0,1
Malnurished-500-_jpg.rf.5529e8300cce8fb81d15e227b986f435.jpg,0,0,1
NU-671-_jpg.rf.8eaaddff869d73cb10f81377afc3c391.jpg,1,0,0
NU-222-_jpg.rf.3e71918505e3d77fc77b1d5a43243fa3.jpg,1,0,0
NU-866-_jpg.rf.1f9d3967fa3fe200c9bb3e3d7ad883ee.jpg,1,0,0
NU-53-_jpg.rf.1e76c7173318b8107e9ac6c09b77f45c.jpg,1,0,0
NU-766-_jpg.rf.a456f393d2901ba1606c42f40efc2ea4.jpg,1,0,0
NU-246-_jpg.rf.aa4a970debd915add89741da317f5a86.jpg,1,0,0
Malnurished-808-_jpg.rf.e58039d842cc9b7ad8f93ac87e948e4e.jpg,0,0,1
NU-195-_jpg.rf.f4ea100c472e0ac213fe06b98ebb69e5.jpg,1,0,0
Malnurished-226-_jpg.rf.c6bd5840f79edc43245beeede8eeafd8.jpg,0,0,1
Malnurished-713-_jpg.rf.f1129e2cc73275e730d172eceacf04c8.jpg,0,0,1
Malnurished-493-_jpg.rf.2cdd283f286f8853a5a08a8f28872eb2.jpg,0,0,1
NU-670-_jpg.rf.78b92eac76afad91885b4236702d8dc1.jpg,1,0,0
NU-651-_jpg.rf.9e22b2858ce4145ee7c15d1a67b5abb3.jpg,1,0,0
NU-646-_jpg.rf.470c1388de091b41b71c4370b624a0eb.jpg,1,0,0
Malnurished-435-_jpg.rf.ee94711819712741d97823f3fd18a47a.jpg,0,0,1
Malnurished-5-_jpeg.rf.74f50e5990adb56ef83fc0abb3450b50.jpg,0,0,0
NU-675-_jpg.rf.790a3e25fc5ce78eb94f996bfa96f7cb.jpg,1,0,0
NU-585-_jpg.rf.fb045d973eb1a1eb9564793d09697610.jpg,1,0,0
Malnurished-693-_jpg.rf.b75f30de190ba3896c6ed58ffe34bf21.jpg,0,0,1
Malnurished-614-_jpg.rf.67bc31e0ba46367caf45f6145134ae02.jpg,0,0,1
NU-731-_jpg.rf.6538b6b68cfc4a3f6da52856272dd1f6.jpg,1,0,0
NU-674-_jpg.rf.415722d3249199ee63e5628578440755.jpg,1,0,0
Malnurished-691-_jpg.rf.3f66c1ae204095d91470a2d4c723a22d.jpg,0,0,1
Malnurished-348-_jpg.rf.a8bde6d3e0d18d54734b69b612d25a1b.jpg,0,0,1
Malnurished-21-_jpeg.rf.e62af3bae728c12a12c0d36a606a2ab5.jpg,0,0,1
Malnurished-836-_jpg.rf.f687d0fc43ead0c0085efdd6b8684922.jpg,0,0,1
NU-58-_jpg.rf.111490e29e3fe27ed8dd88499b3e5f3e.jpg,0,0,0
NU-536-_jpg.rf.63014e35ce409ddcc71091a273297d58.jpg,1,0,0
NU-728-_jpg.rf.e35521dbbae818d0c4d22e200b4131db.jpg,1,0,0
NU-673-_jpg.rf.c17f2276839000fd36cb6d89409b957b.jpg,1,0,0
NU-61-_jpg.rf.dfe3a2324963148fbef7847755e93418.jpg,1,0,0
NU-526-_jpg.rf.f77fd0e219cba83f1679867655b825fa.jpg,1,0,0
NU-300-_jpg.rf.99312c98f0cb1eb754c440b51b111d94.jpg,1,0,0
NU-362-_jpg.rf.5431403bbb14e67fcd9a1d71d11e1293.jpg,1,0,0
Malnurished-501-_jpg.rf.2e47de5ba9e12f7368650d5ccb2d50b3.jpg,0,0,1
Malnurished-484-_jpg.rf.5d4d2dc07c6ad045dc19af4303fd10eb.jpg,0,0,1
Malnurished-498-_jpg.rf.aefef9b130275a5d041b259cfafbc495.jpg,0,0,1
Malnurished-810-_jpg.rf.ba4179b3d781bd8cf5903a57d6d7e446.jpg,0,0,1
Malnurished-534-_jpg.rf.5e27652f7eecd4dcdb745df0daa7d36a.jpg,0,0,1
NU-851-_jpg.rf.a50858da0943579df73ec168f42ff0ae.jpg,1,0,0
NU-237-_jpg.rf.45112a1358fef1aa6795f9a13cbc6ce2.jpg,1,0,0
NU-31-_jpg.rf.79bb40bbd14908b36276e4a68c90b868.jpg,1,0,0
NU-73-_jpg.rf.00d37cbf6c9950763839cbad6ead09fd.jpg,1,0,0
Malnurished-347-_jpg.rf.90c01ae30c12e3c8126d1ab1f9574848.jpg,0,0,1
NU-774-_jpg.rf.089aad95e913ce759fcde5a0a2ee5483.jpg,1,0,0
Malnurished-332-_jpg.rf.c60e5f90a6ab220f5aec322449821f20.jpg,0,0,1
NU-661-_jpg.rf.54e17cefb5ada8b302a6626688372c64.jpg,1,0,0
NU-296-_jpg.rf.33212eeb91cdea9bdc5f8f7622183e94.jpg,1,0,0
Malnurished-640-_jpg.rf.4e149c1910ee4db7c81c46042c53a24f.jpg,0,0,1
Malnurished-496-_jpg.rf.a7ffe0f89be3b18b214d97d47a21fe4a.jpg,0,0,1
NU-243-_jpg.rf.50966881547db87bfee4c44502a8caf6.jpg,1,0,0
NU-370-_jpg.rf.ca268aa78b9ca55b2f4579944daedb50.jpg,0,0,0
NU-532-_jpg.rf.6aa32391f52567d300084d4fc7e269f3.jpg,1,0,0
Malnurished-344-_jpg.rf.f215c91c7afe59fedc8f92b2ab0c39ab.jpg,0,0,1
Malnurished-81-_jpg.rf.7d4843da0163873452b3585f85570c9b.jpg,0,1,0
NU-482-_jpg.rf.ab177bb8d5f7de3eed50a2e34e06e258.jpg,1,0,0
NU-663-_jpg.rf.118229a0fd640d7e65ed516aadcfeb45.jpg,1,0,0
NU-609-_jpg.rf.f2ead9eab9cb9f83a1858f260572326d.jpg,1,0,0
NU-332-_jpg.rf.e7cc797ebc18bde71fc6b1dea68e0caf.jpg,1,0,0
Malnurished-694-_jpg.rf.bd5aac286d49dd243eb1207c6a9a0148.jpg,0,0,1
NU-54-_jpg.rf.bbc6198b7c48ce20381dae5a7b6753c5.jpg,1,0,0
Malnurished-50-_jpg.rf.99d7db28329c5a67dd31ea18b832049c.jpg,0,0,1
Malnurished-543-_jpg.rf.f41c321fded222b1af2eeb98709c2d45.jpg,0,0,1
Malnurished-28-_jpeg.rf.6a57262022e6dc52345f99565f7c0b3e.jpg,0,0,1
NU-533-_jpg.rf.38354406aa272eda84543edab730a1d0.jpg,1,0,0
NU-611-_jpg.rf.41acfab8a34915c4fcf404f5952f8c7e.jpg,1,0,0
Malnurished-283-_jpg.rf.4fdd2c056e23870d081f4439c1a5ebe9.jpg,0,0,1
Malnurished-61-_jpg.rf.64795e68a66a66f934dd162718b6f65e.jpg,0,0,1
Malnurished-692-_jpg.rf.187095cee18691f8c7c92f33a8ea4485.jpg,0,0,1
Malnurished-27-_jpeg.rf.8b8f235664ec6c866a898bf77f95adea.jpg,0,0,1
NU-574-_jpg.rf.f75d7c1489ff29c92f996ed744a8c2b3.jpg,1,0,0
NU-610-_jpg.rf.64b25b965ec719a3d4feeae10702b3f7.jpg,1,0,0
Malnurished-225-_jpg.rf.3ac08a55c9460d724e39c61946f86951.jpg,0,0,1
Malnurished-481-_jpg.rf.47c8924e2f0c25f1b15c42f339d92550.jpg,0,0,1
NU-776-_jpg.rf.e1f2007322f34069c1bec0da761a1774.jpg,1,0,0
Malnurished-53-_jpg.rf.de9f4982877d08b14af82f9148fef99b.jpg,0,0,1
NU-538-_jpg.rf.32ab9b3d403b86c4ad1e3ec39a223ce1.jpg,1,0,0
NU-245-_jpg.rf.812e4a0bcab303e2a48094a8c3818082.jpg,1,0,0
Malnurished-188-_jpg.rf.00d298a4b71f3b5d6be46b8d3051d054.jpg,0,0,0
NU-381-_jpg.rf.4984efa43bd9a40635695317e687fad2.jpg,1,0,0
NU-535-_jpg.rf.6de7cd00291c9d7da898784a9093322d.jpg,1,0,0
NU-576-_jpg.rf.efff3f08e6b0d9622a4160ca28070327.jpg,1,0,0
Malnurished-173-_jpg.rf.be2fde17be7a9bedd6a65a1f7d2c3b0e.jpg,0,0,0
Malnurished-356-_jpg.rf.2931da1e6a263130b63b1c2d84877673.jpg,0,0,1
NU-653-_jpg.rf.5c7a106ea3ed54cf04a25dab76941579.jpg,0,0,0
Malnurished-249-_jpg.rf.32afbb726ef3a8006825339d11e5c8ca.jpg,0,0,1
Malnurished-474-_jpg.rf.55316c17793a5cf31c34f9eccc317689.jpg,0,0,1
Malnurished-657-_jpg.rf.4b08b7e2ef1198b6b7699a325e9dd2f1.jpg,0,0,1
Malnurished-232-_jpg.rf.2ec2d9e3ac3f39ffbc94b7bca80d5871.jpg,0,0,1
NU-382-_jpg.rf.e1c456be2259762ba67ad9cef169dfe1.jpg,1,0,0
NU-1-_jpg.rf.5d59e64ab425520bb258e8d8e6084bff.jpg,1,0,0
NU-565-_jpg.rf.dcd30c4a8b0feb5d6b90dc5b374f7194.jpg,1,0,0
NU-877-_jpg.rf.155fc71f3b06dd1d52e435814f3a44f8.jpg,1,0,0
NU-242-_jpg.rf.f39081d94b0219c8d2de1f0015da7c52.jpg,0,0,0
Malnurished-341-_jpg.rf.f2717823511bd6c3104491a3c1ea61de.jpg,0,0,1
NU-665-_jpg.rf.cff63a441534af964eb0dd989960012b.jpg,1,0,0
NU-527-_jpg.rf.efc1479dd1d2a439fe29fcc1fe9d0924.jpg,1,0,0
NU-550-_jpg.rf.b70b9f4ae4bc51ddb8c955b58e84612b.jpg,1,0,0
Malnurished-733-_jpg.rf.e31a97e8e6f23eb4419b9d33500a9aa4.jpg,0,0,1
Malnurished-619-_jpg.rf.bf1bfe9b186b6a9985d7c9b1ff65ee89.jpg,0,0,1
NU-247-_jpg.rf.428c27c9cbb8e1e9b79e8ec451138008.jpg,1,0,0
NU-517-_jpg.rf.2b54fa15d448d2f5ae3d0aad32a0e14c.jpg,1,0,0
Malnurished-10-_jpeg.rf.b605fcd0385d58786e4973f6116b6592.jpg,0,0,0
NU-777-_jpg.rf.85f4afc18a17e5e0cea67416d834a2f8.jpg,1,0,0
NU-244-_jpg.rf.1a28cacaaa180f82fe99dcda6e9a76f4.jpg,1,0,0
Malnurished-292-_jpg.rf.9f498e5b7cfeadf2f04b3dd4aea08d75.jpg,0,0,1
Malnurished-212-_jpg.rf.96763fad0f0c240d87a90ece235a6561.jpg,0,0,0
NU-37-_jpg.rf.90e23020816629088ce2663e8591860c.jpg,1,0,0
Malnurished-618-_jpg.rf.c0aa44d8e4cc300523d1e713d3868307.jpg,0,0,1
Malnurished-831-_jpg.rf.12c41cd53fec2d7d479f8d731dd70350.jpg,0,0,1
Malnurished-686-_jpg.rf.3d4d76029cc6338f346c3e8fb8a1e190.jpg,0,0,1
Malnurished-615-_jpg.rf.6e1fc25a15bd732d0a403979773d69a7.jpg,0,0,1
NU-518-_jpg.rf.adb1f69ba8dc0dd4f0cde2522f7d568d.jpg,1,0,0
NU-1-_png.rf.99f0ca770fae4a538ee2a02066d4f715.jpg,1,0,0
NU-773-_jpg.rf.077c711b4626738c80dc7124571453e7.jpg,1,0,0
NU-24-_jpg.rf.df809fed60f171394d033c8c89fd3b6d.jpg,1,0,0
Malnurished-510-_jpg.rf.5fb62d5748d492ef90c7219f5861723c.jpg,0,0,1
Malnurished-502-_jpg.rf.bb37102444fc35f625b4a9a00493b6ab.jpg,0,0,1
NU-143-_jpg.rf.a6c1210ecb9e4ade8e0b0f6fb1ddfa61.jpg,1,0,0
Malnurished-72-_jpg.rf.a1d61b7d5f360db409458ef5da0467eb.jpg,0,0,1
NU-530-_jpg.rf.8b04a819038a2e86ffc19610a4d091e4.jpg,1,0,0
NU-384-_jpg.rf.6f9f6d43afa3d3dd538825e1f52c08f3.jpg,1,0,0
NU-185-_jpg.rf.25bf1adfd90fe992a5fdb4dde4df2d0b.jpg,0,0,0
NU-68-_jpg.rf.1db1de8a1e2f5447b662ce565623e276.jpg,1,0,0
Malnurished-509-_jpg.rf.2f724eb8d34a0493248fae2b646e5861.jpg,0,0,1
NU-681-_jpg.rf.daa41d12e915203649bacad3941c400f.jpg,1,0,0
Malnurished-364-_jpg.rf.bbb16e85374ca20e609f425f7c48e81d.jpg,0,0,0
Malnurished-575-_jpg.rf.6121854d3b255f0670688dbfd923d28d.jpg,0,0,1
Malnurished-514-_jpg.rf.29927032978573f01bd8cfe950ec03c1.jpg,0,0,1
NU-390-_jpg.rf.7f99c2425d2d4526e18440856c740f76.jpg,1,0,0
Malnurished-616-_jpg.rf.6af011a4b368d4b6648f1809a54355ed.jpg,0,0,1
NU-566-_jpg.rf.99b57c4ae1e556ac848e218c15050112.jpg,1,0,0
NU-875-_jpg.rf.beec17fcda70dc95e9738f48a02d1be0.jpg,1,0,0
Malnurished-505-_jpg.rf.adfe01e860339b053b8a129d3e0be5be.jpg,0,0,1
NU-679-_jpg.rf.fcd1e2483aa8e9c90910c6621954e14e.jpg,1,0,0
NU-531-_jpg.rf.4520f206914601e5a662696075f78938.jpg,1,0,0
Malnurished-1-_png.rf.01b94a181d72cd8e0521cf0d9b807e2b.jpg,0,0,0
NU-383-_jpg.rf.b809af90cab3698662d0347279372955.jpg,0,0,0
NU-520-_jpg.rf.0ecf39974cce73195938f5422c145346.jpg,1,0,0
NU-575-_jpg.rf.6360bad637dc9306a9aa67fd55bb7bf1.jpg,1,0,0
Malnurished-35-_jpeg.rf.54b18e6a565a06fd8400fd4e3b4d98e6.jpg,0,0,0
Malnurished-271-_jpg.rf.0bd2406ae4e9887701288b5c351402e1.jpg,0,0,1
Malnurished-513-_jpg.rf.c7311a048e7d86a3894824c1271ddad2.jpg,0,0,1
Malnurished-230-_jpg.rf.ea27489b5c647b89f48e2b5ad9aa292f.jpg,0,0,1
NU-55-_jpg.rf.a037b40659eaf55c32314a7c02a841d2.jpg,1,0,0
Malnurished-272-_jpg.rf.e160e90ade3eacd1bbd32fff54f2579d.jpg,0,0,1
Malnurished-1-_jpg.rf.739a30fba704bc319a95d1835316b149.jpg,0,0,1
NU-677-_jpg.rf.b009a719789ddd50752196b8979262b0.jpg,1,0,0
NU-239-_jpg.rf.8778d7e1f942bb0c8b2b0329ab64284d.jpg,1,0,0
Malnurished-807-_jpg.rf.1f744ebb43ea8a181005f49d571005b7.jpg,0,0,1
NU-540-_jpg.rf.9c089b8e9d6516aa2f78069c8c5f65a1.jpg,0,0,0
Malnurished-578-_jpg.rf.24be0d951ff6aa1a7f37d807e9afb963.jpg,0,0,1
NU-657-_jpg.rf.6bc25b927bcf74d06944a072964926a0.jpg,0,0,0
Malnurished-360-_jpg.rf.fecdc376b44f7a254eb1ce50fc3a43a0.jpg,0,1,0
Malnurished-227-_jpg.rf.1efb998743085f95d4398a40181efd2e.jpg,0,0,1
Malnurished-504-_jpg.rf.f926adebc3bbe6b45388fa9fe901b974.jpg,0,0,1
Malnurished-737-_jpg.rf.8945af9c1305070d09021f446c83e6ea.jpg,0,0,1
Malnurished-645-_jpg.rf.c1e6c7c4d2cddfca670ec13666c9e2f1.jpg,0,0,1
NU-541-_jpg.rf.55a2d0eadae12159b7c3aa934119b438.jpg,0,0,0
Malnurished-735-_jpg.rf.56043e44f742eebe193ec5cb1df755da.jpg,0,0,1
NU-70-_jpg.rf.d71fa6d939262988ab44f626681a9896.jpg,1,0,0
Malnurished-512-_jpg.rf.8a75826a3737c880ab46045d33d813b7.jpg,0,0,1
Malnurished-832-_jpg.rf.1038672ceeec2efd928e667e4497d99b.jpg,0,0,1
Malnurished-557-_jpg.rf.93a774a76d2002cb01961dd7a6c42515.jpg,0,1,0
NU-180-_jpg.rf.f383b9adc32b97dd3a6505d20d7821b3.jpg,0,0,0
Malnurished-647-_jpg.rf.86c0411bbadd42c9ca722a56610adba1.jpg,0,0,1
Malnurished-561-_jpg.rf.a63d162c588b86450a2acc54fbb68002.jpg,0,0,1
NU-385-_jpg.rf.91e31b7b3160225a2eb3d7196b94fc6d.jpg,1,0,0
NU-285-_jpg.rf.0b33ff2f3d7e5b984927f4c66a41a2fd.jpg,1,0,0
NU-10-_jpg.rf.e3f7e62edc6d50c2dd30361097b63764.jpg,1,0,0
Malnurished-709-_jpg.rf.81bb1197f0331ba6bd548263649b38f5.jpg,0,1,0
Malnurished-354-_jpg.rf.006e7e5a1a22e660d56940e31e8fca83.jpg,0,0,1
NU-288-_jpg.rf.a57cd90bedaa4b399168109d0165a2ca.jpg,1,0,0
Malnurished-531-_jpg.rf.1a432e2b8fbcede8e236ec0aa5e8cdf4.jpg,0,0,1
Malnurished-506-_jpg.rf.4d0751c86128e4cddc5e4f0738d02c9c.jpg,0,0,1
Malnurished-716-_jpg.rf.5471197c2ede5f8e717b22ae113f7a00.jpg,0,0,1
Malnurished-648-_jpg.rf.c079333dd78b3b7e45df358e5a3e425c.jpg,0,0,1
Malnurished-528-_jpg.rf.f823e9ec0ce4bb4cf9397453fecbc120.jpg,0,0,0
NU-282-_jpg.rf.6afb1b94d62e8a59f1f26b7c92180627.jpg,1,0,0
NU-633-_jpg.rf.bf8223fd26fcfb63624b7cc8715ea0ea.jpg,1,0,0
NU-539-_jpg.rf.6be97497d98b863800496dfe0f3c6795.jpg,1,0,0
Malnurished-23-_jpg.rf.567c177fb4b09eb497e706d1ee47086b.jpg,0,0,0
NU-656-_jpg.rf.1c46dc38884fb91563f1c04831ce4e88.jpg,1,0,0
NU-614-_jpg.rf.d24f51a348c3e1797d3160644070b634.jpg,1,0,0
Malnurished-280-_jpg.rf.222d88e39bb9a1e0522ee944f7ee64d7.jpg,0,0,1
NU-577-_jpg.rf.6aa39a52324bd491be7a6e1558afbe92.jpg,1,0,0
Malnurished-530-_jpg.rf.91e7f209c69109c3076a41dab94ad563.jpg,0,0,1
Malnurished-366-_jpg.rf.b4e593a3cf83eb204417d14e7841fccb.jpg,0,0,1
Malnurished-267-_jpg.rf.b68e39148df0d5db52c159727c7bf1ba.jpg,0,0,1
Malnurished-527-_jpg.rf.5e23a885c3c1ae84eaf7caa571bbb21f.jpg,0,0,1
Malnurished-650-_jpg.rf.3271222d51b544e691315ff8563a9946.jpg,0,0,1
Malnurished-30-_jpg.rf.c04499a0117c6a35fe5b1264dea31eec.jpg,0,0,1
Malnurished-699-_jpg.rf.11ad0e9ae6e0cdad1aa54fb456448080.jpg,0,0,1
Malnurished-358-_jpg.rf.e534ca39380389da62ed83e6053407e7.jpg,0,0,1
NU-684-_jpg.rf.b064f72c53788e231b396e3b8b8093aa.jpg,1,0,0
Malnurished-549-_jpg.rf.ca5695dc2b885084aac5f86cf6290a89.jpg,0,0,1
NU-736-_jpg.rf.5a51b984fa514c7a13431868e418e028.jpg,1,0,0
NU-392-_jpg.rf.31cbc462dfec0210aba2fdba51c10c5b.jpg,1,0,0
Malnurished-233-_jpg.rf.bcf12a19b0c93fffc0a82aef4a183cc2.jpg,0,0,0
NU-545-_jpg.rf.85495c1f89b2538a8f807cbb5d3a7f8e.jpg,1,0,0
NU-608-_jpg.rf.0090b39d14b7104eb236ceb9dbb7a2d6.jpg,1,0,0
NU-534-_jpg.rf.369bb810cd280fd838d66543ccb6ea9e.jpg,1,0,0
NU-568-_jpg.rf.43d78330bd517f909d5e3a7061166595.jpg,1,0,0
Malnurished-739-_jpg.rf.0cb67984bbe802f4f864dd536ed99448.jpg,0,0,1
NU-762-_jpg.rf.e4dfb44e22fa563800b72b60f8e3ea77.jpg,1,0,0
Malnurished-352-_jpg.rf.d9c1de0cf64790402e76b43c339825c9.jpg,0,0,1
Malnurished-532-_jpg.rf.4dbc82f1ace6aeb77a19872706e725b3.jpg,0,0,1
NU-264-_jpg.rf.ce1b5d03b7c2facd2722428b3467e874.jpg,1,0,0
Malnurished-642-_jpg.rf.b1fb1bc673eb5ae7f440f5b47dae0bad.jpg,0,0,1
NU-393-_jpg.rf.da725127a39542ca7587d0379fcb3331.jpg,1,0,0
NU-78-_jpg.rf.ebfcf0304964bc2e45419736cba449c5.jpg,1,0,0
NU-735-_jpg.rf.b8f8d59aff9da8feff4687116a3cafd9.jpg,1,0,0
Malnurished-722-_jpg.rf.142acdc6bf80aa661b6a0b143eca72b2.jpg,0,1,0
NU-388-_jpg.rf.b0ea9292b778d144b503b96b16c700bf.jpg,0,0,0
NU-183-_jpg.rf.1c45cd1cc5aa82f401df4914a788e92b.jpg,1,0,0
NU-563-_jpg.rf.85eba0fd77e85e0e472bdc6bb526c7cd.jpg,1,0,0
Malnurished-851-_jpg.rf.6b97ffcd79327a48fb6c2440947fb4fb.jpg,0,0,1
NU-555-_jpg.rf.0484c3738c5ad2dcc71e35c9334bdb95.jpg,1,0,0
NU-310-_jpg.rf.236f65571f98d7f082b5de428f3b5d16.jpg,1,0,0
Malnurished-25-_jpeg.rf.353722de5f1e817a85ece2592d4b0254.jpg,0,0,1
Malnurished-529-_jpg.rf.dc78a046ea0845074a7145c0f5fbe925.jpg,0,0,1
NU-283-_jpg.rf.8cf3aaabf8ae8e5de7ae08226c33c115.jpg,1,0,0
NU-23-_jpg.rf.4425fdd49aca8ea7ef7f33758a85fc13.jpg,1,0,0
Malnurished-55-_jpg.rf.57df4c0f1417b4fb3735ee8b2cee7367.jpg,0,0,1
NU-394-_jpg.rf.7cc08c8964b8179c8798b4b5bfb114bc.jpg,1,0,0
NU-234-_jpg.rf.e64175fe4ffa03081003408ce182fca7.jpg,1,0,0
Malnurished-666-_jpg.rf.14a06ca50f5a757f6a44d9c63ae337f5.jpg,0,0,1
Malnurished-1-_webp.rf.f16baef35ae422da18658e55775f69ae.jpg,0,0,1
Malnurished-649-_jpg.rf.3237383f82294877374cd6112ad6734a.jpg,0,0,1
NU-232-_jpg.rf.a31b73310fcea650da0e9de06e0a0c7b.jpg,1,0,0
NU-553-_jpg.rf.c3b04d66dc8281ad09562813befe0245.jpg,0,0,0
Malnurished-355-_jpg.rf.bf465071044daf82edea3534e577731c.jpg,0,0,1
Malnurished-641-_jpg.rf.cacdb98cb8cd95773183081606f9e90a.jpg,0,0,1
NU-395-_jpg.rf.086cd3251ca342ab85245f481d5b7e48.jpg,1,0,0
Malnurished-760-_jpg.rf.8666a1ef3cacd668d179f27cb18053aa.jpg,0,0,1
Malnurished-250-_jpg.rf.6a537d6d9de6f906f9ad24e57c417e78.jpg,0,0,1
Malnurished-251-_jpg.rf.5ddd875d0435e4dd9eaecd511cec08bd.jpg,0,0,1
Malnurished-761-_jpg.rf.534d5d4e1408f1082f2969661f3dde23.jpg,0,0,1
NU-258-_jpg.rf.35afb9be7f84d4f6c479c8f8723f9b53.jpg,1,0,0
NU-761-_jpg.rf.68846491582b14caaec4156e025978c2.jpg,1,0,0
Malnurished-349-_jpg.rf.8030d893dfe969ce19be73df9ee6d904.jpg,0,0,1
NU-784-_jpg.rf.d41e7809a399be13d199070e3a61c0fd.jpg,1,0,0
NU-689-_jpg.rf.5f21ae1b5c187b6fc2e182ebc2da32c2.jpg,1,0,0
NU-702-_jpg.rf.f5c07f0548db4a9f388bc65225cbfbb3.jpg,1,0,0
NU-411-_jpg.rf.f4860ccefc443d15b9bff5313780930b.jpg,1,0,0
NU-781-_jpg.rf.7c868a6b316bca2bbbbab06f9a34ffa4.jpg,1,0,0
NU-105-_jpg.rf.90f1ced4e931b4adca350d16de25c59c.jpg,1,0,0
NU-594-_jpg.rf.457db1315e3c601ae6bac2248b67073c.jpg,1,0,0
NU-723-_jpg.rf.30a3c28f15bbd938328baa8cc0d5aeaf.jpg,1,0,0
NU-683-_jpg.rf.a1b3f12faef3897994115d404522de66.jpg,1,0,0
NU-569-_jpg.rf.a77ff33c7f8e80533949b637cb55bb1d.jpg,1,0,0
Malnurished-52-_jpg.rf.d476c46ebfae6e40ee2f913ecd2ed29e.jpg,0,0,1
NU-387-_jpg.rf.b862e01441f4b458729df83b7f97b4d0.jpg,1,0,0
NU-90-_jpg.rf.0bc8f2027c27e9acecdc0eb9c20817bb.jpg,1,0,0
NU-597-_jpg.rf.4197a4efa49c44b8c772a76e5c97149e.jpg,1,0,0
NU-613-_jpg.rf.903627bc954d7ca2865287854c840dc6.jpg,1,0,0
NU-782-_jpg.rf.195f473c100f87be7cb6c5493ce71853.jpg,1,0,0
NU-91-_jpg.rf.b909ab390c415d7360d3fb3032e72549.jpg,1,0,0
NU-69-_jpg.rf.fb6532a644609e7b40030fed042d084c.jpg,1,0,0
NU-293-_jpg.rf.874cdd9ec223e42edd069370a23f7091.jpg,1,0,0
Malnurished-646-_jpg.rf.e08fd2f5abd3ba873090a76511ed10d8.jpg,0,0,1
NU-375-_jpg.rf.08e2a94474b82306cc2a66dc34a10f4e.jpg,1,0,0
NU-599-_jpg.rf.81ff3773d54a525c1b7d2a17ea7094f4.jpg,1,0,0
Malnurished-58-_jpg.rf.69b35049c63b93193bc61d981e785af7.jpg,0,0,1
NU-686-_jpg.rf.9d59b53a40499b31562396991eed07bc.jpg,1,0,0
Malnurished-231-_jpg.rf.9b9caba46e1da808e5dd864d8e0bff4a.jpg,0,0,1
NU-711-_jpg.rf.7391be9a696e73d207f38e6e29ce2682.jpg,1,0,0
Malnurished-653-_jpg.rf.77a642b9a04c2ecaf3dc5ad23da9784a.jpg,0,0,1
Malnurished-222-_jpg.rf.cffc8a3f7481a42bcecb25a93a11097e.jpg,0,0,1
Malnurished-518-_jpg.rf.73da70f89e746a220095aa7e47f684e8.jpg,0,0,1
NU-682-_jpg.rf.c9af38a79d85ba1889b45650ebc57ff4.jpg,1,0,0
NU-253-_jpg.rf.836f3ac960477118e994ce604cdb7c5e.jpg,1,0,0
NU-60-_jpg.rf.8583377856338ff89edbbd99d1028c83.jpg,1,0,0
NU-690-_jpg.rf.28774491d54823465b1a91e6de483f6c.jpg,1,0,0
Malnurished-254-_jpg.rf.f61c682698c6e1780bb3f2267de27773.jpg,0,0,1
Malnurished-273-_jpg.rf.b56454e4fb9d2f5c987d13b9c501f295.jpg,0,0,1
NU-412-_jpg.rf.29289025c6390beffed2d9dcdd3719c2.jpg,1,0,0
NU-386-_jpg.rf.9903935c00869618277586afcb16b932.jpg,1,0,0
NU-793-_jpg.rf.32810ac8e03c8ed9285db34975600129.jpg,1,0,0
NU-374-_jpg.rf.fff5ac2dde3e075acc1097534acfbdd0.jpg,1,0,0
Malnurished-374-_jpg.rf.b326fb76edef5420c15e7059454bc51d.jpg,0,0,1
NU-311-_jpg.rf.096a0030878a4cfcde9e0d6120d5573b.jpg,1,0,0
Malnurished-106-_jpg.rf.6de5f95e44b5efd28f19409c4785ed04.jpg,0,0,0
Malnurished-762-_jpg.rf.d84c60a64c131ed3fea176f6b5a42a32.jpg,0,0,1
Malnurished-533-_jpg.rf.ce03b4c282bdd39a68b7461c71d598f9.jpg,0,0,1
Malnurished-577-_jpg.rf.0b083d8a57d12b4b501b805bb305d557.jpg,0,0,1
Malnurished-294-_jpg.rf.d8a4b1e8879551c6b211c6f7ddcef0a1.jpg,0,0,1
NU-596-_jpg.rf.4af81c79a935045f2bef71d15145b6af.jpg,1,0,0
NU-80-_jpg.rf.8c9b3ccc8c3eab3dd9832ee37616003e.jpg,0,0,0
NU-397-_jpg.rf.730c8040f692307b9b73de6abf0c4c5d.jpg,1,0,0
Malnurished-24-_jpg.rf.031dda93fbacf708f3fad54a5b03673e.jpg,0,0,1
NU-557-_jpg.rf.a5a50dc5476ac88c84fe6a3019f13fac.jpg,1,0,0
NU-88-_jpg.rf.24a24f91a49e1aabe82a36dcfeaf70f7.jpg,1,0,0
Malnurished-516-_jpg.rf.5b891022935fbf937ebd646a3b3f7f73.jpg,0,0,1
NU-755-_jpg.rf.86f52ecbbb42e780a3ac5926f2ae820c.jpg,1,0,0
NU-40-_jpg.rf.34e8810b1b5c5fc368eedb0aa45b738f.jpg,1,0,0
NU-410-_jpg.rf.79c629451493a5b06e0ac912eaa22195.jpg,1,0,0
Malnurished-235-_jpg.rf.41758740d8053b5e55e1fdc03905fc22.jpg,0,0,0
Malnurished-65-_jpg.rf.9cde8bdccd34367c148ec2a1b52b3b34.jpg,0,0,1
Malnurished-673-_jpg.rf.e8f970b4d6079c59460e68ce2acf0d0d.jpg,0,0,0
NU-64-_jpg.rf.1f0cbfee2856537b0a2870c88a740d1f.jpg,1,0,0
NU-269-_jpg.rf.9a593e41f93e8fa037a1ec68d9500553.jpg,1,0,0
Malnurished-558-_jpg.rf.69aa4ebb55f45e5a90dee663495bd546.jpg,0,0,0
Malnurished-602-_jpg.rf.6e41d71795d6691dba55b6a3bb388d63.jpg,0,1,0
Malnurished-221-_jpg.rf.3f53a54e900e50a954c885781f7841c0.jpg,0,0,1
NU-554-_jpg.rf.f948d87df81a1bd49559428022726f79.jpg,1,0,0
Malnurished-520-_jpg.rf.be2e369ef6e8cfcafb609531e3b92ac6.jpg,0,1,0
NU-268-_jpg.rf.22d796add4f5ca1145e023021aee31e4.jpg,1,0,0
NU-801-_jpg.rf.cfb7b3967c180ba398106713b116663e.jpg,1,0,0
Malnurished-565-_jpg.rf.8b3f538db689d53abdf1886a9a0fcb12.jpg,0,0,1
Malnurished-595-_jpg.rf.3780690d6205bcd1b1bd09a0c4dea235.jpg,0,0,1
Malnurished-234-_jpg.rf.c6bc61c8110a5eab6688e0beacc1ad69.jpg,0,0,0
Malnurished-519-_jpg.rf.61f5b303a88482f755efc52089d556a9.jpg,0,0,1
NU-780-_jpg.rf.7b2f937a900cc2d192badd2e3217dc06.jpg,1,0,0
NU-901-_jpg.rf.13f510efa1d299f3ae6022b7a9648387.jpg,1,0,0
NU-134-_jpg.rf.73eaa429430ac192b735038c065615ea.jpg,1,0,0
Malnurished-563-_jpg.rf.0b40f7153b6ae76a4a407dfd8960a2ef.jpg,0,0,1
Malnurished-296-_jpg.rf.65ba7fa5b8cde1c07fa1749076882a50.jpg,0,0,0
NU-878-_jpg.rf.ae6104f3a1e168bc07017241fc9f3604.jpg,1,0,0
NU-558-_jpg.rf.bf30a8a593457562ae46412742562683.jpg,1,0,0
Malnurished-243-_jpg.rf.8093b6f930a8a069748016d3bc0f43b9.jpg,0,0,1
Malnurished-515-_jpg.rf.7cc468a58cb5d328a3ba3c4c370afefe.jpg,0,0,1
Malnurished-228-_jpg.rf.796fa7306e054a2740a5aa1066aed29d.jpg,0,0,1
Malnurished-107-_jpg.rf.8132dee81716ef9be219fa10eba32e88.jpg,0,0,0
NU-131-_jpg.rf.0ff3364e06e92ef87bbd8fe5aeea7721.jpg,1,0,0
Malnurished-268-_jpg.rf.b195c16620e132bb35c37a9f278953f2.jpg,0,0,1
Malnurished-667-_jpg.rf.e194240ebee940b63c026222719b7da6.jpg,0,0,1
NU-262-_jpg.rf.e5d98bc5cd51d2f0f6272427dfc7c66f.jpg,1,0,0
NU-133-_jpg.rf.82a809183128fe26b02c5c3dcbc0441f.jpg,1,0,0
Malnurished-652-_jpg.rf.c2091ec23858734aa01620665280ba63.jpg,0,0,1
NU-718-_jpg.rf.b101a707059b975bd978eab025e2fc5c.jpg,1,0,0
Malnurished-550-_jpg.rf.fe1b09c219eedc45c1f72029d4241b40.jpg,0,0,1
Malnurished-665-_jpg.rf.06c4483726d628354468da849c4d7afe.jpg,0,0,1
NU-255-_jpg.rf.007ffd8aa1a313cb0c0ba1cf9f4eeb8e.jpg,1,0,0
Malnurished-357-_jpg.rf.a7fe78ee093849f4dc342a81ceb9f4b0.jpg,0,0,1
Malnurished-849-_jpg.rf.b527c95cbc2b223623005ad5989e064c.jpg,0,0,1
NU-852-_jpg.rf.7fd460a6f56e3bb72dd990be7028f039.jpg,1,0,0
Malnurished-677-_jpg.rf.75cd8fd8092046f0f42070eb6162b9cf.jpg,0,0,1
Malnurished-219-_jpg.rf.08db19517a85ef1d51e9187435611ab8.jpg,0,0,1
Malnurished-77-_jpg.rf.dd8e991dc10bc0350b2df57e1c99aea5.jpg,0,0,1
NU-881-_jpg.rf.36f4f2ba11a3568cabcb66a1179469d5.jpg,1,0,0
NU-291-_jpg.rf.c4a7d9b73f1a7711018ddfd3988afd7e.jpg,1,0,0
Malnurished-362-_jpg.rf.791af454ea7ac7a2ecc85626f936a651.jpg,0,0,0
Malnurished-259-_jpg.rf.4d4c6fdef106518560b07538a6499984.jpg,0,0,1
NU-304-_jpg.rf.85406d8c356e5e9f3e8aa0216e6e677d.jpg,1,0,0
Malnurished-84-_jpg.rf.93335284a609c1be07d8bdebcf28970b.jpg,0,0,1
Malnurished-10-_png.rf.dc1a26697c291dcc66175d818785962e.jpg,0,0,1
NU-779-_jpg.rf.edfdae1297c9d3b6300fd092da46e3c8.jpg,1,0,0
Malnurished-552-_jpg.rf.663db91a46d8b71d335a4884804d184c.jpg,0,0,1
NU-713-_jpg.rf.adad111dd58ec4a55c627e4105e593c6.jpg,0,0,0
NU-893-_jpg.rf.d56900a39904880f0b6e3c60d80444b6.jpg,1,0,0
NU-809-_jpg.rf.81821cf66af8bf4318acdd3f1516b4fb.jpg,1,0,0
NU-900-_jpg.rf.a41e57299c3b42e6f79686e9008ed9ef.jpg,1,0,0
Malnurished-669-_jpg.rf.d17fd9f887372f3bf05463c99d0b614f.jpg,0,0,1
Malnurished-244-_jpg.rf.0c09327098fc8c4a00fa3e90c3601566.jpg,0,0,1
Malnurished-291-_jpg.rf.0a2c2336f52088ba0ce3a0e7fb32e3d7.jpg,0,0,1
Malnurished-654-_jpg.rf.53bc19da87f99090ac93e65ab38db479.jpg,0,0,1
NU-714-_jpg.rf.08c75cff41fd3a10acd66f93b1e2df7f.jpg,1,0,0
NU-248-_jpg.rf.cbafab9c7f7320c43621444e4dba5b44.jpg,1,0,0
NU-715-_jpg.rf.a3e7384d878f17fa472015bd9a2aa0a0.jpg,0,0,0
Malnurished-860-_jpg.rf.bd2f1024d454c0012ee4bf5914bacae2.jpg,0,0,0
NU-658-_jpg.rf.fbb5e059e4c5c6da20c8373c2c6e920c.jpg,0,0,0
NU-600-_jpg.rf.96ad7900235245f03ee09daac3b18c16.jpg,1,0,0
Malnurished-603-_jpg.rf.51e08155c276cc3cac70932c99fc4509.jpg,0,1,0
Malnurished-239-_jpg.rf.d00f998059596b0df38b4ddee1123f06.jpg,0,0,1
NU-800-_jpg.rf.a0206efec887b2503705c32f344f6dfc.jpg,1,0,0
NU-308-_jpg.rf.24d31b0622a35ce619246b1951bc59db.jpg,1,0,0
Malnurished-287-_jpg.rf.b6d5f8fc4e64fec867ee8dc3ab20774b.jpg,0,0,1
Malnurished-767-_jpg.rf.db25a67f42c453c9b3deb7bb4ccc040c.jpg,0,0,1
NU-396-_jpg.rf.d04fb7ffa3619df9e93e8ef638667829.jpg,1,0,0
Malnurished-524-_jpg.rf.68f0b9cd0a1df402f23656493967f0de.jpg,0,0,1
Malnurished-551-_jpg.rf.77931adeb0e32bb180161d385c001e13.jpg,0,0,1
NU-678-_jpg.rf.1fb7bdaf383065441faf70c60ce88b4d.jpg,1,0,0
Malnurished-252-_jpg.rf.4db97c34e65898d3bff0aa08cf58d3da.jpg,0,0,1
NU-802-_jpg.rf.4121527fd12fde062f7e9797c7007ef9.jpg,1,0,0
Malnurished-371-_jpg.rf.e38aa42aa7f6fee34b33670ec8a4ceca.jpg,0,0,1
NU-578-_jpg.rf.70ba6508aac9eeaa52a27dd06148836f.jpg,1,0,0
Malnurished-68-_jpg.rf.b2061dd26b025afc7c320017ef8f7631.jpg,0,0,1
NU-586-_jpg.rf.5f1cc8ceeec4f3ee4582d79e16376674.jpg,1,0,0
NU-589-_jpg.rf.84ee17478ac4d29d16bce6e487cc96e3.jpg,1,0,0
NU-705-_jpg.rf.b4bdd0ec84b4fcf4fb1cbacdaa42e9fe.jpg,1,0,0
Malnurished-13-_jpeg.rf.e40ee19fa322afa4c851b2423e75ea22.jpg,0,0,1
NU-130-_jpg.rf.eeedc80c17b617cf6ace63c695cbc363.jpg,1,0,0
NU-737-_jpg.rf.d998353d681ea3b04887ff49f7712655.jpg,1,0,0
NU-315-_jpg.rf.902d5943a6afc63fd7b7cb3b07890c95.jpg,1,0,0
NU-910-_jpg.rf.dbd1159fb17a9f29efa22286fdf16a33.jpg,1,0,0
Malnurished-656-_jpg.rf.80eb20b34120f40312a261a4423fc3e8.jpg,0,0,1
Malnurished-372-_jpg.rf.f03fd40c850473b9c2066c38a5b036c7.jpg,0,0,1
Malnurished-132-_jpg.rf.268810ad3e2a4c45e3e1b6b41ff5ca9a.jpg,0,0,1
Malnurished-140-_jpg.rf.a320cecc2a44f94f0d7e605726cac33e.jpg,0,0,1
Malnurished-274-_jpg.rf.6903c73c333243a035bc1ac7670f4fc6.jpg,0,1,0
Malnurished-104-_jpg.rf.f26b89ffd6dc8ff8aef77d47b455c441.jpg,0,0,1
NU-916-_jpg.rf.fb6e828ae26fff84395e52296e4ceb20.jpg,1,0,0
NU-808-_jpg.rf.45c9bcd1cda3692277eacfab2dc8cf83.jpg,1,0,0
Malnurished-286-_jpg.rf.6f50221c6c081c311259ca2f08122447.jpg,0,0,1
Malnurished-765-_jpg.rf.50d713866491ec6418b5aba37a405fad.jpg,0,0,1
NU-598-_jpg.rf.89288cf957b083b22bda0e32259aad6b.jpg,1,0,0
NU-267-_jpg.rf.1cbb50bbfe42c0164d350f8e5eb2ac23.jpg,1,0,0
Malnurished-670-_jpg.rf.66f3dd707d1b53e0e2f4cc668933353b.jpg,0,0,1
Malnurished-295-_jpg.rf.12fd13fce6f11867a312ad8c5b7b6ebe.jpg,0,0,1
Malnurished-62-_jpg.rf.82eef338200aaf86a36d90ffbeb176a8.jpg,0,0,1
Malnurished-130-_jpg.rf.aa786475c5700268812a00d26e84d036.jpg,0,0,1
Malnurished-87-_jpg.rf.adaa04d03d9cee87aead4fa54755b17d.jpg,0,0,0
NU-559-_jpg.rf.de6ffed00c9b76f77ac3478558940347.jpg,1,0,0
NU-632-_jpg.rf.26c91ed0047dcf82d88808e73f19b7bf.jpg,1,0,0
NU-741-_jpg.rf.f04ff43006e7c9cead113927ed975f7d.jpg,1,0,0
Malnurished-30-_jpeg.rf.89eab437d546637746acd5f7a46f8eff.jpg,0,0,1
NU-107-_jpg.rf.0c60810e3ee1a3c111e8fbac90fba353.jpg,1,0,0
Malnurished-141-_jpg.rf.5d700a75cb8039b6dbeeed293cc4a262.jpg,0,0,1
Malnurished-869-_jpg.rf.eeaaa35482d4dc5dcd835c89d60fed89.jpg,0,0,0
Malnurished-26-_jpeg.rf.e9546db99a31a7eca52002b8d3cd2c46.jpg,0,0,1
Malnurished-105-_jpg.rf.de282907197a9ea0eb75e948327bbba4.jpg,0,0,1
NU-703-_jpg.rf.8f9006f5a9dc794674b8ad2dcf5aca39.jpg,1,0,0
Malnurished-766-_jpg.rf.550c20f1c0a9533917cd15c5faba9929.jpg,0,0,1
Malnurished-678-_jpg.rf.bc5ea42c4eb83d9fff15974d4c6c15a3.jpg,0,0,1
Malnurished-229-_jpg.rf.e6cf2ebee109aea2f24ab5dae6ae32f2.jpg,0,0,1
NU-909-_jpg.rf.64660cd25ebe2772cb3fcc9c252ffe57.jpg,1,0,0
NU-738-_jpg.rf.09c74a971bceb270c3f2d60f22f25e00.jpg,1,0,0
NU-6-_jpg.rf.bb92eaec976c26a7f76762761aa629fd.jpg,1,0,0
Malnurished-298-_jpg.rf.93cb2b748a3e503847d5f3cd499a4f01.jpg,0,1,0
Malnurished-844-_jpg.rf.6549dff40aaab596b76cc16eb52590ac.jpg,0,0,1
NU-250-_jpg.rf.56e35525804ba2d83edadc79e69108a7.jpg,0,0,0
NU-879-_jpg.rf.3f0d9787ad8415a5f8a1d6e780e605af.jpg,1,0,0
NU-240-_jpg.rf.86e5c0920e55b52a85b238cf6ee303e9.jpg,0,0,0
NU-104-_jpg.rf.990c65b9ca6f6dd847e48266027cd169.jpg,1,0,0
NU-708-_jpg.rf.0f0f356c8e3d9f133efa20ff974b8db5.jpg,1,0,0
Malnurished-255-_jpg.rf.dac9a696a00cdfb0d41141b004f55bc8.jpg,0,0,1
NU-407-_jpg.rf.1ea14255b8868b4f1a44e9d425759da5.jpg,1,0,0
Malnurished-115-_jpg.rf.a777c6b6bf9ca358501cf747894be54d.jpg,0,0,1
NU-919-_jpg.rf.1ddc72a25c290960d71c31ecee574e9c.jpg,1,0,0
NU-706-_jpg.rf.e0ee5c6bd5abbe2d583b52f4ba6a3eb0.jpg,1,0,0
NU-807-_jpg.rf.4220d98067fc7e85f694faab531da800.jpg,1,0,0
Malnurished-838-_jpg.rf.5395186cb5ba86b12103dda8cab61d69.jpg,0,0,1
Malnurished-383-_jpg.rf.cce810897c573cedd952c03d300e78bd.jpg,0,0,1
NU-826-_jpg.rf.be42cbb832d34cc1073045e904ef1540.jpg,1,0,0
NU-120-_jpg.rf.9ad80bef06190f0713f7285452c6f09c.jpg,1,0,0
NU-409-_jpg.rf.cd897c801b21b9c83c5559fd7fc1eda5.jpg,1,0,0
Malnurished-236-_jpg.rf.a94490380311007d8cf00f152070ea09.jpg,0,0,1
Malnurished-245-_jpg.rf.30c306426c54287767048533d8b83a2b.jpg,0,0,1
Malnurished-369-_jpg.rf.ac3e608538d3d4a887916de0975f86a9.jpg,0,0,1
NU-389-_jpg.rf.3e7966355f0060546a08e910db6afd1e.jpg,1,0,0
Malnurished-38-_jpeg.rf.16a02ba1e53f1463d4c2d00c41dcb6f9.jpg,0,0,1
Malnurished-248-_jpg.rf.d231cd4536a76368b24a5e1212be8939.jpg,0,0,1
NU-273-_jpg.rf.6a3da3bbda738a49b8f7b6e3dcbdb963.jpg,1,0,0
Malnurished-38-_jpg.rf.9277847cf7ff8d7af4be31bcb1020299.jpg,0,0,1
NU-603-_jpg.rf.ab949596a06521e14c5e321d6182fe5a.jpg,1,0,0
Malnurished-787-_jpg.rf.e18d2d784a630d5635c35fb1111612e1.jpg,0,0,1
Malnurished-142-_jpg.rf.409012e578e94b23d7b0b25322f17b5f.jpg,0,1,0
NU-26-_jpg.rf.815fc760e73047e1fbb1b8c67a8049f9.jpg,1,0,0
NU-789-_jpg.rf.86eccc96c78d10075d1d6665c458d142.jpg,1,0,0
Malnurished-564-_jpg.rf.9c2e2fe43043a529184292af8716ca30.jpg,0,0,1
NU-406-_jpg.rf.8469acf578e8d85c548cd1daa6d4a0cf.jpg,1,0,0
NU-307-_jpg.rf.939e0c1dab7f084ad2d1b2f318ccdaec.jpg,1,0,0
Malnurished-848-_jpg.rf.95cf2f539507c04a9b62ad0ddb176f5a.jpg,0,0,1
Malnurished-554-_jpg.rf.71ece9f1b11f6147e8057e186a6cc2cc.jpg,0,0,1
Malnurished-375-_jpg.rf.939e6ca170e075e90b87b239207845c6.jpg,0,0,1
NU-316-_jpg.rf.1969472bb089cd914bc067ed8db89368.jpg,1,0,0
NU-911-_jpg.rf.d052020c82fe9ccc3ac64c465c6164a0.jpg,1,0,0
NU-167-_jpg.rf.9b361a0e7529a0c75ce9352e22b3e73c.jpg,1,0,0
NU-41-_jpg.rf.d695359291b13a319e270a9d07be3d71.jpg,1,0,0
NU-303-_jpg.rf.512fe8ef6e2fe5d8f77935465b9d235d.jpg,1,0,0
NU-12-_jpg.rf.f570f1a15c7ca4c22b6e370802d4347b.jpg,1,0,0
Malnurished-701-_jpg.rf.d5b96093c6460adff3e54627e3ad1c02.jpg,0,0,1
Malnurished-380-_jpg.rf.15cca58584288a5b4eed9b0484e2f0b7.jpg,0,0,1
NU-279-_jpg.rf.3f2d6a15de67104371b97910ad3155b2.jpg,1,0,0
NU-318-_jpg.rf.b88e5c3f0212f1eee3b98a77650cfbf3.jpg,1,0,0
Malnurished-877-_jpg.rf.eeeb76d4bb111cc36b0254d5500999e0.jpg,0,0,0
NU-252-_jpg.rf.0d36c0e9ec5fa9644a1047350ff4565e.jpg,1,0,0
NU-32-_jpg.rf.352a4a7c3a31b0dce903d3cffbf26841.jpg,1,0,0
NU-74-_jpg.rf.fba9a2ad9aa74def9fdfb59ba663be54.jpg,1,0,0
Malnurished-523-_jpg.rf.c8fa52c058bc659499ded5f0f16222d2.jpg,0,0,1
Malnurished-120-_jpg.rf.4c53376a901465e22a3ddcde7a7063e8.jpg,0,0,1
NU-314-_jpg.rf.d2df531a1a52a426801ee73e87782f49.jpg,1,0,0
NU-717-_jpg.rf.b8a0ace33796390c1abd6934f88a6679.jpg,1,0,0
Malnurished-288-_jpg.rf.0d41f5517c3d918b8c303ff80b1394dc.jpg,0,0,1
NU-904-_jpg.rf.e6f771ef206548a44f25188f11755eef.jpg,1,0,0
Malnurished-703-_jpg.rf.537fb9744d955f231cc36f9bd8889728.jpg,0,0,1
NU-92-_jpg.rf.7041c2ffa5d011726d8d7fbbccccdc5a.jpg,0,0,0
Malnurished-871-_jpg.rf.e38492f07cd65d3501764d26793ef01f.jpg,0,0,1
Malnurished-740-_jpg.rf.22a63b5dc1c039a8d27e1eb0782f0941.jpg,0,0,1
Malnurished-103-_jpg.rf.43d52bf3f28291302b98ff33c6673d43.jpg,0,0,1
Malnurished-672-_jpg.rf.ba72ecb5e0f74dd830616228777e6ee5.jpg,0,0,1
NU-740-_jpg.rf.7dbac7607acca1da5d789fb19baf52cc.jpg,1,0,0
Malnurished-23-_jpeg.rf.abd60690500a616ef2d42a3aa28d1edd.jpg,0,0,1
Malnurished-788-_jpg.rf.a06e5c6bd09cb2b6f5eee8abd35d182a.jpg,0,0,1
NU-892-_jpg.rf.729881728267059e0596d4a12f5e7dd8.jpg,1,0,0
Malnurished-108-_jpg.rf.195278e3995e8f1f6624067021c3f85a.jpg,0,0,1
NU-693-_jpg.rf.76baf341b71f91813a73ba6ea4bf9c81.jpg,1,0,0
NU-101-_jpg.rf.43d788884dc73a193f0bfca664eda3c8.jpg,1,0,0
NU-274-_jpg.rf.a9d7d124dc8028e0960273e663a54760.jpg,1,0,0
Malnurished-862-_jpg.rf.d953011f1a6d2f8a47bf4b3679c19a7f.jpg,0,1,0
Malnurished-26-_jpg.rf.5e0c9cf37c8edfe7a74f91e5dfbdfb09.jpg,0,0,1
Malnurished-789-_jpg.rf.a74eaa45e602422fb03b9836d539a10a.jpg,0,0,1
Malnurished-702-_jpg.rf.3cbcfe7f3da8b8f5d6a2a5e74fe01c32.jpg,0,0,1
Malnurished-377-_jpg.rf.7ce0d304a968cb6fed5eff256a492feb.jpg,0,0,1
NU-1002-_jpg.rf.56982b602a645149878fe7ec0a1ebc30.jpg,1,0,0
NU-115-_jpg.rf.c250bc72598f66a1d8273517809c14ee.jpg,1,0,0
NU-778-_jpg.rf.7b923f2cdc6c19aa8d8cdfc239356e19.jpg,1,0,0
Malnurished-114-_jpg.rf.3a8a67dece43fd3f7f0bfe0d57dee7a8.jpg,0,0,1
NU-742-_jpg.rf.7d689877bca588cd69c8bea65a3a2989.jpg,1,0,0
NU-785-_jpg.rf.0124f6ad5ad09142b46574f1bacf14e3.jpg,1,0,0
Malnurished-100-_jpg.rf.3c92fea08c142343125d29a6f826225e.jpg,0,0,1
Malnurished-242-_jpg.rf.e87ffa905a8b6ee6ba84e24138b429f1.jpg,0,0,1
NU-787-_jpg.rf.17d660464284f3743fa3156647f94c03.jpg,1,0,0
Malnurished-247-_jpg.rf.ba0b0de7ed899718e82dbe9a76559425.jpg,0,0,1
Malnurished-29-_jpeg.rf.6ae569934324072abb6e2e077a8eaabb.jpg,0,0,1
Malnurished-75-_jpg.rf.ef10065d95822ea1e42b7a2bad57cb35.jpg,0,0,1
NU-147-_jpg.rf.20b9defd5e1efbf759c5b67823be038d.jpg,1,0,0
Malnurished-241-_jpg.rf.0bbcc57c28de1f2b8243b5aa2464314f.jpg,0,0,1
Malnurished-878-_jpg.rf.fbc01f2bca085622f65f5feeacb5cd9b.jpg,0,0,1
NU-108-_jpg.rf.fbdd3afa396aa6a54a5a10a6102529e3.jpg,1,0,0
Malnurished-163-_JPG.rf.4f2859351fec862b4ad8a4fb6346ab31.jpg,0,0,1
NU-751-_jpg.rf.d9a9ad2be5a96563135e1f05e95eda71.jpg,1,0,0
NU-744-_jpg.rf.9a4eecfa825b95ece3fc2040e7e3276e.jpg,1,0,0
NU-72-_jpg.rf.a124610e2350b8b182384139651f0bbe.jpg,0,0,0
NU-756-_jpg.rf.0c77bf02b212a12b4b45e124b24016ff.jpg,1,0,0
Malnurished-257-_jpg.rf.5dde0ac884716fea56fa7ba6de906d97.jpg,0,0,0
NU-827-_jpg.rf.601ffdd591deddbe05cdaf2b5a906d27.jpg,1,0,0
Malnurished-118-_jpg.rf.eae75e050f547579cfad819ff3787691.jpg,0,0,1
NU-117-_jpg.rf.fe8b71e0fc264fce7a48c270de4e676f.jpg,1,0,0
NU-145-_jpg.rf.735eb6cd3536266d0b7e4a0ff00b9ed3.jpg,0,0,0
NU-402-_jpg.rf.4d68de1913115cfadb8a00604b0e81be.jpg,1,0,0
Malnurished-102-_jpg.rf.ee25e72a4f91313355c378f2498766df.jpg,0,0,1
NU-404-_jpg.rf.050333e7cde423331168697c26e738fd.jpg,1,0,0
Malnurished-864-_jpg.rf.b9626c3f820a330f878012c52e010a4b.jpg,0,0,1
NU-769-_jpg.rf.c529f80dd94e617ad372fb285b5d0882.jpg,1,0,0
Malnurished-745-_jpg.rf.8e4d068692ce8d1643d92918993b7e2d.jpg,0,0,1
NU-118-_jpg.rf.bdb0c73f60a22ae3c768f4884ef63230.jpg,1,0,0
Malnurished-708-_jpg.rf.743af9e32cac6904a024886567a8b552.jpg,0,0,1
Malnurished-113-_jpg.rf.3778e16d923eb23b948d6c5195a32f09.jpg,0,0,1
Malnurished-700-_jpg.rf.a122a460551276d60aa0ca8a51c775c4.jpg,0,0,1
Malnurished-67-_jpg.rf.d8b5a7891e1d1ea99732c7f964a06d15.jpg,0,0,1
Malnurished-704-_jpg.rf.aefed7c6fabbe88b2f54bf3bbdf6d094.jpg,0,0,1
NU-895-_jpg.rf.a869189caa7fcfa2cc55e5b9f921323b.jpg,1,0,0
NU-403-_jpg.rf.2c44a505b29b0991e86df2e9f8b27a23.jpg,1,0,0
Malnurished-144-_jpg.rf.33fb895aea00660ee0d9b61f3a07b59e.jpg,0,0,0
Malnurished-861-_jpg.rf.1786856af50c6b21062dee8f9e87b6b4.jpg,0,0,1
Malnurished-671-_jpg.rf.cf23934241e7eab20849977bfdc617c9.jpg,0,0,1
NU-119-_jpg.rf.930b8d60eaf638cb235334c7864dd70b.jpg,1,0,0
NU-721-_jpg.rf.65e67e31de9c2d4aaa04cad5cffa7534.jpg,1,0,0
Malnurished-840-_jpg.rf.28f874985a2cca471d21d9ac20d4f762.jpg,0,0,1
NU-169-_jpg.rf.b2ccd2a52c2cfc4f003b7406a91bf2b4.jpg,0,0,0
Malnurished-261-_jpg.rf.4966cccd0cc86fd9c73f52554d6d49cf.jpg,0,0,1
Malnurished-378-_jpg.rf.447acfa2b50b827db6c9628063eb02b3.jpg,0,0,1
Malnurished-246-_jpg.rf.beadd3aea136c95837b3e4e5edd44574.jpg,0,0,1
Malnurished-112-_jpg.rf.10bfa50eb34e0d39da367380bb8ced24.jpg,0,0,1
Malnurished-12-_jpeg.rf.f1d119bb65d5ca12c82918ab5c2ba395.jpg,0,0,0
NU-401-_jpg.rf.8546aab85dd8b5dcb402bf4ac40b88a6.jpg,1,0,0
Malnurished-889-_jpg.rf.542c2c40bbf86bbf2c926f588d4220fa.jpg,0,0,1
NU-17-_jpg.rf.23b11e152663520d79c3622ab440f86d.jpg,1,0,0
Malnurished-845-_jpg.rf.79f182ca783648cf712ea590c3487cf9.jpg,0,0,1
Malnurished-875-_jpg.rf.985c11f2d1b26995120594b883fa6203.jpg,0,0,0
Malnurished-73-_jpg.rf.72eca17170cd4913ddca1a4071b8eede.jpg,0,0,1
Malnurished-681-_jpg.rf.d954f23cc64a0fd3097ba4ecaca571a6.jpg,0,0,1
NU-810-_jpg.rf.56603e883d32d8a0c523aee8fe755cf5.jpg,1,0,0
NU-257-_jpg.rf.6772ad1a1209069d1057d606aee11838.jpg,1,0,0
NU-886-_jpg.rf.8ffb035f1834ac9f5b4c21598ac06b81.jpg,1,0,0
Malnurished-263-_jpg.rf.1668bf861c24fbb5e45538ff50e60d7d.jpg,0,0,1
NU-4-_jpg.rf.1e0c60a1541f7df0276169d0d2f20f36.jpg,1,0,0
NU-792-_jpg.rf.4cd6a34ad1557f83bf69871f17118926.jpg,1,0,0
NU-888-_jpg.rf.8ad0b4acf7e22e932b7109a17046a1ba.jpg,1,0,0
NU-811-_jpg.rf.05a70eb754730bce4a17bcf47071a24a.jpg,1,0,0
Malnurished-17-_jpg.rf.6adca454a8778c59b96ac54d40205d5c.jpg,0,0,1
Malnurished-712-_jpg.rf.afdedaddb44751a45ccda663af8b8791.jpg,0,0,1
NU-815-_jpg.rf.a347840b5723a225f568d4ed07556cba.jpg,0,0,0
Malnurished-885-_jpg.rf.2a98959df7a25bd4c8d2481bae29d35c.jpg,0,0,1
Malnurished-865-_jpg.rf.ac1066d127d1fd636e4d732b0bb2c67d.jpg,0,1,0
NU-786-_jpg.rf.1d3884a0d4abb6e72e4df4a654d1738f.jpg,1,0,0
NU-788-_jpg.rf.1d5397dacd7fc515238c717b03438cc1.jpg,1,0,0
NU-828-_jpg.rf.34b06cc443319f8320e08eccac213c42.jpg,1,0,0
NU-75-_jpg.rf.9c33ee983953c5d7d76d1cbe51c84dc2.jpg,1,0,0
NU-256-_jpg.rf.d2f0a599ed25e0b7f2b212e1d450d775.jpg,1,0,0
Malnurished-256-_jpg.rf.3f4432b33277c8e2d24a4d02a79313b1.jpg,0,0,1
Malnurished-79-_jpg.rf.e6cf001db07c30dcbf667fe1a4abb2a4.jpg,0,0,1
Malnurished-705-_jpg.rf.7d5eda05fcfd18dc8dd9c8c0a04fb87d.jpg,0,0,1
NU-175-_jpg.rf.0b669c5d72af72d559f6979221f802eb.jpg,1,0,0
NU-405-_jpg.rf.5c5b473e3401f355fc0fa57884b49faf.jpg,1,0,0
NU-270-_jpg.rf.1ad35a52d8edcb7d0a28f6f737033404.jpg,1,0,0
NU-719-_jpg.rf.8df9658736c05fad2439578d533016ed.jpg,1,0,0
Malnurished-165-_jpg.rf.d7b01cf2f55fd51f08d2556669e2e8dc.jpg,0,0,1
NU-720-_jpg.rf.2b9168aad609f1962baacbec62a37ad5.jpg,1,0,0
NU-745-_jpg.rf.aab51a8079e7d1ea1ec70daff78200e4.jpg,1,0,0
NU-722-_jpg.rf.616560e6910462a26ea39f5835818768.jpg,1,0,0
Malnurished-12-_jpg.rf.8e46869f0b3bb47ad1390f49b734679b.jpg,0,0,1
Malnurished-289-_jpg.rf.f6cf9c178712b8d58a7189db3b4113c5.jpg,0,1,0
Malnurished-88-_jpg.rf.bb65559c44b6790e21a9efc389943fed.jpg,0,0,1
NU-276-_jpg.rf.0833a29a27b68ee18643eab299556b8c.jpg,1,0,0
NU-15-_jpg.rf.50cad559640a7f9b1c316d9753bcdb43.jpg,1,0,0
NU-150-_jpg.rf.2d34838192ba69be666c7b41c5337146.jpg,0,0,0
NU-920-_jpg.rf.26917e4036c943ec051224658291349a.jpg,1,0,0
NU-97-_jpg.rf.8b1d63f3f2fa263a2b050119cef3ef0e.jpg,1,0,0
Malnurished-258-_jpg.rf.1ba74f2cab1c0f6579e3fa4a78e5907a.jpg,0,0,1
Malnurished-786-_jpg.rf.47a20d5c653f546cea0e80565c9d3e51.jpg,0,0,1
Malnurished-684-_jpg.rf.952754299080dab1bd4e8cee3231e933.jpg,0,0,1
Malnurished-145-_jpg.rf.0820e2b1c8fdf1733a15e4c03b712d7e.jpg,0,0,1
Malnurished-308-_jpg.rf.a2f076696a687ce7b720b7635caa3109.jpg,0,0,1
NU-89-_jpg.rf.b433a8ccd831ae9de9f8c167c493d195.jpg,1,0,0
NU-149-_jpg.rf.562f63e65770512fefd9c228fd16abc9.jpg,0,0,0
Malnurished-782-_jpg.rf.9ad1dc1e31c584aa6b729f026622dc89.jpg,0,0,1
NU-121-_jpg.rf.bfa34993ef623ef478f312892d70e4ee.jpg,1,0,0
Malnurished-718-_jpg.rf.f2f8a0cfb1f7a9c7110339ddf2f574a3.jpg,0,0,1
Malnurished-751-_jpg.rf.0db94a7f5c3702de6fdd32b6e9578b8b.jpg,0,0,1
NU-724-_jpg.rf.855de7fb3e3fb13cd8afc1d82e9bbea0.jpg,1,0,0
Malnurished-260-_jpg.rf.50ec8ac59181d60c66e83e7cf42725cc.jpg,0,0,1
NU-926-_jpg.rf.2dea9ec5d31957f6b0326f5e4c58f1dc.jpg,1,0,0
NU-933-_jpg.rf.5567ad471a9300459f3dfb790c12d4f4.jpg,1,0,0
NU-128-_jpg.rf.cd990b99e6b961af42b6119d441938a6.jpg,1,0,0
Malnurished-78-_jpg.rf.f114fa5dc5d1442c3a795b54bb0ad9c6.jpg,0,0,1
NU-922-_jpg.rf.5beffc7750592a774e0a39fa7c771c17.jpg,1,0,0
Malnurished-177-_jpg.rf.34d9218845e3b4a857fdf6004272148b.jpg,0,0,1
NU-952-_jpg.rf.63ecd0984f2558a1080ae1ba03ecba9e.jpg,1,0,0
NU-127-_jpg.rf.69c25e2493e6ce24f9f02ac0d0b9c437.jpg,1,0,0
NU-821-_jpg.rf.c988875f700d0f16d66ea3e03bdf4e5d.jpg,1,0,0
Malnurished-680-_jpg.rf.03c92d9b57205706f0e7fabd91223752.jpg,0,0,1
Malnurished-110-_jpg.rf.0b5faa9e7f66b2724c904009d5d3142f.jpg,0,0,1
Malnurished-896-_jpg.rf.41dba1fb2ebe6d099c7d29ea94493a0e.jpg,0,0,1
Malnurished-11-_jpeg.rf.bc62d4fe246f958434e5de985a171af0.jpg,0,0,0
Malnurished-759-_jpg.rf.79e0976ab0b4173ac8a368fb271bf4bc.jpg,0,0,1
Malnurished-847-_jpg.rf.84c04a2d9d6859669b28182dc9b001c8.jpg,0,0,1
NU-831-_jpg.rf.a66ceacdf5a474b7f26b5ef26eeb9d4a.jpg,0,0,0
Malnurished-867-_jpg.rf.6c4fdf498d272ac58d8929b3cd943169.jpg,0,0,1
NU-804-_jpg.rf.014beb650249fc28b09dbf749780f893.jpg,1,0,0
Malnurished-907-_jpg.rf.d6371ba0426455a00d8bbcce50c1ccb0.jpg,0,0,1
Malnurished-683-_jpg.rf.52cf691eb65d67341fb998f9f7bb3b43.jpg,0,0,1
NU-930-_jpg.rf.611095b997bcb3a9dbacf9ac529dda18.jpg,1,0,0
NU-280-_jpg.rf.b77dbc98ba516ceac8c0561b4544868e.jpg,1,0,0
Malnurished-710-_jpg.rf.852a698aa7e727116dd2c434981066b4.jpg,0,0,1
Malnurished-771-_jpg.rf.084fef160e78c9a11e2412c6be1da94b.jpg,0,0,1
NU-814-_jpg.rf.e3458d0da7eb570fdcbf520f40e1423e.jpg,0,0,0
Malnurished-890-_jpg.rf.28e51dc625da9a37a1baecaf6ac56ebe.jpg,0,0,1
NU-817-_jpg.rf.0c3aa3317c97d5a86de8d8c43700e55d.jpg,1,0,0
Malnurished-109-_jpg.rf.de18b826e8b937456db21c7f848a1722.jpg,0,0,1
NU-81-_jpg.rf.37f82795576ae60a05eb488c8bdffe77.jpg,0,0,0
Malnurished-128-_jpg.rf.0ab934dd281540c99a5a9b3e9818c68d.jpg,0,0,1
NU-182-_jpg.rf.eed3aaa6745512b185627e3559c0356f.jpg,0,0,0
NU-830-_jpg.rf.09746f75214c14b673781d045200de9c.jpg,1,0,0
NU-114-_jpg.rf.cb647deee96a744c6b505cadf4d87b32.jpg,1,0,0
NU-902-_jpg.rf.a9b34de20b79be97ce8f6bf19303c835.jpg,1,0,0
Malnurished-781-_jpg.rf.443548a28589b7bf8e0f56e319f05da6.jpg,0,0,1
NU-163-_jpg.rf.92c96647fddd4582746349fcafd7598a.jpg,0,0,0
NU-812-_jpg.rf.bc5e87c44cc90119462a75dba80bdcf5.jpg,1,0,0
Malnurished-160-_jpg.rf.834af27b6fbaf0a8703ed391fe302099.jpg,0,0,1
NU-328-_jpg.rf.fec351bd808d962a3b047afa1fdd167b.jpg,1,0,0
Malnurished-147-_jpg.rf.a047e510e6b96dcb5aee9f295523a562.jpg,0,1,0
Malnurished-9-_jpg.rf.7b7c08c0edb64332efabe752a8bc4282.jpg,0,0,1
Malnurished-874-_JPG.rf.4918c9fbe12ed35ea8aea0c7a322e91a.jpg,0,0,0
Malnurished-792-_jpg.rf.a178693d3f4d5cb59cf54cc52422a6e1.jpg,0,0,1
Malnurished-884-_jpg.rf.39655b13eab4aca1202762076ae2fa39.jpg,0,0,0
NU-819-_jpg.rf.2ca248ff39ed5afce32dad8a6bedbb1f.jpg,1,0,0
Malnurished-729-_jpg.rf.b60129dbd2e73b6c80a0ac7eb02004e4.jpg,0,0,1
Malnurished-857-_jpg.rf.86be0ac6a01f54a39cde1da8f460050d.jpg,0,0,0
Malnurished-707-_jpg.rf.58582bd0eb63e6b27f02040a93835b6f.jpg,0,0,1
Malnurished-302-_jpg.rf.25494791c751988ee459ac15f842a684.jpg,0,0,1
Malnurished-881-_jpg.rf.0db45899a9b72965818983a44ccb05cc.jpg,0,0,0
NU-71-_jpg.rf.b7706a91d682d1686c338d21347b081e.jpg,1,0,0
Malnurished-379-_jpg.rf.df15b6cc3ceb6b976cb9ac0638555832.jpg,0,0,1
NU-13-_jpg.rf.57eb5f12a409e7e16580e2136d406073.jpg,1,0,0
Malnurished-780-_jpg.rf.ec1f5f71e68dd3c41d90b79fa70d6df3.jpg,0,0,1
Malnurished-264-_jpg.rf.93ad96b2badc75e8fbe14cdd3ea6243a.jpg,0,0,1
NU-824-_jpg.rf.5bed5527cef37d17d4fa8d8c79cc125e.jpg,1,0,0
Malnurished-897-_jpg.rf.a2041d65466df63db20011cc327c7aa6.jpg,0,0,1
NU-165-_jpg.rf.68e4a9934fcfe7fd090f7ba5ca5f9885.jpg,0,0,0
NU-931-_jpg.rf.4a2a1af9d0ee81c789bb68a53cbbf032.jpg,1,0,0
NU-899-_jpg.rf.0c975a341e82b359d06808d60312721e.jpg,1,0,0
NU-148-_jpg.rf.ef3de9f69b9f3111035aa6b2f3b08aa1.jpg,0,0,0
Malnurished-744-_jpg.rf.f7aa822dd506db6aa5a39f3d1d274e43.jpg,0,0,1
NU-950-_jpg.rf.f0ccbea0cd64254f7d7a4542c76f77cd.jpg,1,0,0
NU-93-_jpg.rf.ca2d5f10cfa98b0c4fc63a500689a4fe.jpg,1,0,0
Malnurished-858-_jpg.rf.15840f461208ab05cba6d1a1914028a4.jpg,0,0,0
NU-164-_jpg.rf.6344d4962d0e9f9b2274552c4b5dc715.jpg,1,0,0
Malnurished-783-_jpg.rf.d96d9587ebfc21553869d992d5d54b61.jpg,0,0,1
Malnurished-161-_jpg.rf.7861c37b9f0eb7096c5a2b5d3829593f.jpg,0,0,1
Malnurished-758-_jpg.rf.4ffc0c9e2c70f0ff0252bc3e06f140ba.jpg,0,0,1
Malnurished-157-_jpg.rf.8b1b0fef79f989c5f2b262b54e3d85c1.jpg,0,0,1
Malnurished-784-_jpg.rf.9a6fe4312757872a8ce68d5f57daccf8.jpg,0,0,1
NU-948-_jpg.rf.a167f61c474fb54e89497e289ffa5f59.jpg,1,0,0
NU-964-_jpg.rf.0114dcad7b17b62c93ae6064ad9e00cb.jpg,1,0,0
NU-116-_jpg.rf.be647d4ec11e8ec4ab292d413269a1a6.jpg,1,0,0
NU-323-_jpg.rf.615a6be5e230c15ce299f42d50be40bf.jpg,1,0,0
Malnurished-770-_jpg.rf.47bacc0c8decb98d0ac4729d04be0b3c.jpg,0,0,1
Malnurished-172-_jpg.rf.b478475c4f21bf376f4266ca9ea02773.jpg,0,0,0
NU-833-_jpg.rf.f601fc0994da41d8dd22fee5001720aa.jpg,0,0,0
Malnurished-856-_jpg.rf.405b62e73eed86148cb37f7d9d9aa507.jpg,0,0,1
NU-795-_jpg.rf.22aed2672940351f89c71b183bf85d7f.jpg,1,0,0
NU-798-_jpg.rf.e4fe9bc494daa7964da8ef89e2cb5e7c.jpg,1,0,0
NU-161-_jpg.rf.b8d0342adc45ad4793c681f7557686f5.jpg,1,0,0
NU-325-_jpg.rf.2756fdabe47fe31da651ec4aafc8f33f.jpg,1,0,0
Malnurished-129-_jpg.rf.8588200dafe1645683b6dbf45f6c30db.jpg,0,0,1
NU-797-_jpg.rf.c3f019edd51e1cf8130bca20db095ef0.jpg,1,0,0
NU-796-_jpg.rf.6a9344338334419efb6129a9a2a0764c.jpg,1,0,0
NU-971-_jpg.rf.aaa6359cd1096ef6406c93441e7df9f3.jpg,1,0,0
NU-946-_jpg.rf.758574381e81eccaa535056f5368157b.jpg,1,0,0
Malnurished-133-_jpg.rf.226dfe3ba4d7d92490406295148ac2fb.jpg,0,0,1
Malnurished-134-_jpg.rf.e7113eb9e9ef6f69a46775d0d9750548.jpg,0,0,1
NU-151-_jpg.rf.774cb0b7780fd11ba335523f5f6b810b.jpg,1,0,0
NU-921-_jpg.rf.0e616ae08bee97aa6d6ddf2185ac004f.jpg,1,0,0
Malnurished-158-_jpg.rf.2a8b3f15698ec1ce76d0748d32148a32.jpg,0,0,1
NU-126-_jpg.rf.87b68aaae4a546f5ad06a7ccec5c8050.jpg,1,0,0
Malnurished-300-_jpg.rf.be116ad00d204e9254e88a5adb01fbbc.jpg,0,0,0
NU-122-_jpg.rf.0526ff7b30f793043a7622093003a5da.jpg,1,0,0
Malnurished-3-_jpeg.rf.0426c9920f55c6adf577a4b19d26f194.jpg,0,0,1
Malnurished-304-_jpg.rf.a7b182b58f42c83b20d3cf916d61ce54.jpg,0,0,1
Malnurished-159-_jpg.rf.4b191da120ef34baca9d0def1f99b23e.jpg,0,0,1
NU-832-_jpg.rf.6b2d083aa6df35b4b349401459caa42c.jpg,1,0,0
NU-326-_jpg.rf.a7ba109c1ac00ce0578a57ed29252324.jpg,0,0,0
Malnurished-900-_jpg.rf.ce7afd90b3350641c99456bcfb7f9c66.jpg,0,0,1
NU-838-_jpg.rf.921bbbc09ad5e67b882d3c9e599765c4.jpg,1,0,0
NU-924-_jpg.rf.8fa806ad17b2628dd7a32be37f8cadab.jpg,1,0,0
NU-949-_jpg.rf.5867eceed445183620ac60ae8559c95d.jpg,1,0,0
NU-345-_jpg.rf.1eb09ca1403e7760cef52a30840f6aba.jpg,1,0,0
NU-897-_jpg.rf.6dcf443a9ef62763c9289559186a4ec1.jpg,1,0,0
Malnurished-799-_jpg.rf.6449103b8a676ad9597f071727b303c1.jpg,0,0,1
NU-179-_jpg.rf.2e8ae8ce4a69da4fa4d5a2852447aea7.jpg,0,0,0
NU-83-_jpg.rf.987bb08b50dbb06dbf170fbaa1bcf06a.jpg,0,0,0
Malnurished-167-_jpg.rf.e34f7036e487fb635185a2072fdd8a80.jpg,0,0,1
NU-346-_jpg.rf.5fda958bcc68a96f2f9aef4e6615f457.jpg,1,0,0
NU-162-_jpg.rf.1e3702cf2993cd08ddb6128bc4e19002.jpg,0,0,0
Malnurished-14-_jpeg.rf.8f2475b43706b39aa8c8dba680e992f0.jpg,0,0,1
NU-139-_jpg.rf.86f4c9a166e4c51f4a429567fe4c06db.jpg,1,0,0
Malnurished-15-_jpeg.rf.7d7072273182deca6d89ec0bba6cf8ed.jpg,0,0,1
Malnurished-150-_jpg.rf.8fcf27acec5585ba5c073c285536a407.jpg,0,0,1
Malnurished-794-_jpg.rf.7cca05dcd9c7e7205abbf71c2a00555d.jpg,0,0,1
NU-138-_jpg.rf.1e799a0c1fb58053699b2ae0a4f9c081.jpg,1,0,0
NU-152-_jpg.rf.4db728e4b006ca8bf3a80bff1c57d3b2.jpg,1,0,0
NU-957-_jpg.rf.a183306c9b579cfa2ab248acfadbc346.jpg,1,0,0
NU-153-_jpg.rf.d6098cf57d8b60ba4a0dd706019d8c23.jpg,0,0,0
NU-166-_jpg.rf.65d4d84425a5937add1f53c584c681ee.jpg,1,0,0
Malnurished-859-_jpg.rf.8c958c819e434fcd3da26af3e952651d.jpg,0,0,1
Malnurished-795-_jpg.rf.070a8dcd6db36b63468a0f76dd837cb8.jpg,0,0,0
NU-968-_jpg.rf.d51a224063b4d595b6cb4dbb1721fc02.jpg,1,0,0
NU-963-_jpg.rf.9756a334e7de8991e1620ffdae7c897a.jpg,0,0,0
Malnurished-777-_jpg.rf.cd21bb2864aa191b3de85ea89eedc5a3.jpg,0,0,1
NU-959-_jpg.rf.5bc9df0fdf4ad06d5157a6d75a901702.jpg,1,0,0
Malnurished-313-_jpg.rf.328a14ce46f021824991870fcc39d311.jpg,0,0,1
NU-799-_jpg.rf.169084f99ccda93be5dc7d86847b5d9a.jpg,1,0,0
NU-925-_jpg.rf.a47657c929ae439024525c6ecf7c4c80.jpg,1,0,0
NU-172-_jpg.rf.d860069c5de738c74aa469a862bf43ea.jpg,1,0,0
NU-803-_jpg.rf.74006702c260f47c86bbe7c34e03a75a.jpg,1,0,0
NU-8-_jpg.rf.cfdd02264e69219e67a6916cfbd100a6.jpg,1,0,0
NU-835-_jpg.rf.25796745a20b1932fe86cd3fc5cf6bbb.jpg,1,0,0
NU-938-_jpg.rf.3864d6e6d38f306eabfcf5b2968736dd.jpg,1,0,0
Malnurished-776-_jpg.rf.a74a21b8b9c70149a9bd57838df966ee.jpg,0,0,1
NU-306-_jpg.rf.ffd5fcb6899e3c5ecb3a70d139295709.jpg,1,0,0
NU-987-_jpg.rf.09206a7b2e4bbeb641dfc55473a7cee6.jpg,1,0,0
NU-967-_jpg.rf.322113283ebc10f4cbbaa943b4786f9c.jpg,1,0,0
NU-829-_jpg.rf.9fe36399ac3f37e2149458d0966aa845.jpg,1,0,0
NU-204-_jpg.rf.fd4f39d5a891e8ec15784ec2e67f377d.jpg,0,0,0
Malnurished-15-_jpg.rf.ead3208b14497c2e3a39716897977420.jpg,0,0,1
Malnurished-887-_jpg.rf.9ad37b2eb85d7c952d868a03471fda36.jpg,0,0,1
NU-834-_jpg.rf.8ece9740bebd0a043b4a464ddd1129e6.jpg,1,0,0
NU-836-_jpg.rf.7e3b15ca8c3af0cc8c05d5020fa8374e.jpg,1,0,0
Malnurished-166-_jpg.rf.bbf4695a2d71076322c97325a953b84e.jpg,0,0,1
Malnurished-323-_jpg.rf.ca67f8e66cf8cd8a51ad8a3f7ad5428f.jpg,0,0,1
NU-155-_jpg.rf.8986e0dbec173b330e58b2b3d0931d6f.jpg,1,0,0
NU-965-_jpg.rf.72a6f381ca24b039ae6c4cda8deb0f39.jpg,1,0,0
NU-154-_jpg.rf.2ea5c7ef94105b243175dc88d7abcebf.jpg,0,0,0
Malnurished-168-_jpg.rf.e597bde4e3ed84347672a0678bc11e8c.jpg,0,0,1
NU-341-_jpg.rf.af2ba3ce00cad7d8ea8abe94050d1d7c.jpg,1,0,0
NU-344-_jpg.rf.001ca6c2362618b81b1e63775ae9622b.jpg,1,0,0
Malnurished-312-_jpg.rf.a684edd65756d9e28f533b29c3dc5fe1.jpg,0,0,1
NU-14-_jpg.rf.0ab22084561dbfbd4a0f609cf6e4b3a8.jpg,0,0,0
Malnurished-2-_jpg.rf.227a58fb5386108cd86cf945078c2151.jpg,0,0,1
Malnurished-148-_jpg.rf.b9a2f58cb191022327fd7d4eb2c885d2.jpg,0,0,1
Malnurished-326-_jpg.rf.268006c4c562de475bc9f597411317a1.jpg,0,0,1
Malnurished-325-_jpg.rf.b7b43e992c85cb12b4e2735f3283d0bd.jpg,0,0,1
NU-320-_jpg.rf.d9bbc9853f196f3ee1f5fa1b9b8871ef.jpg,1,0,0
Malnurished-796-_jpg.rf.a29c7f866112a337a50bb36711e371c3.jpg,0,0,1
NU-349-_jpg.rf.f8f56a325c90551db0026fa3198cc644.jpg,1,0,0
Malnurished-317-_jpg.rf.716705d0e241012d37f66e564fb6704c.jpg,0,0,1
Malnurished-328-_jpg.rf.d131b5de97c6e7eb2888032746aa33b3.jpg,0,0,0
Malnurished-778-_jpg.rf.ed8ab680513d0af4ce104d1200ff1122.jpg,0,0,1
NU-321-_jpg.rf.bc155a928dd9a36a525da296631a0f1d.jpg,1,0,0
NU-846-_jpg.rf.5d280964c0b764e3f5b11e500d916794.jpg,1,0,0
NU-207-_jpg.rf.394455124a4f51259e7b11fb6b32ba09.jpg,1,0,0
Malnurished-76-_jpg.rf.468dfde8ce24345f84a6b76368d6109e.jpg,0,0,1
Malnurished-798-_jpg.rf.34bb96bcba48d73358ebdf5046d3c32c.jpg,0,0,1
Malnurished-318-_jpg.rf.8aeac53408b22a580978284380292607.jpg,0,0,1
NU-335-_jpg.rf.36857cdfe95202de09975a73cd4d1db0.jpg,1,0,0
Malnurished-805-_jpg.rf.67cfd642932ab99c081bc33c335d542d.jpg,0,0,1
Malnurished-32-_jpeg.rf.7b8c24b88fed526dba01e39be4e2a261.jpg,0,0,1
NU-331-_jpg.rf.09cf33f9db9d121f356cf7169256d7c4.jpg,1,0,0
NU-33-_jpg.rf.51ab3bb3fbe92f8a89dad60ad596cf12.jpg,1,0,0
NU-137-_jpg.rf.93d6c08a3c63720e53bf9e3fefc34a3b.jpg,1,0,0
Malnurished-305-_jpg.rf.7e60700ea04b97fd05547ac443bfe669.jpg,0,0,0
Malnurished-806-_jpg.rf.34ac7f3758272a8453d966b2b31752c6.jpg,0,0,1
NU-347-_jpg.rf.118344bce37b6473a50b3cf25f8ab626.jpg,1,0,0
Malnurished-757-_jpg.rf.22c9593fe489d5b97d03be4aed888224.jpg,0,0,0
Malnurished-813-_jpg.rf.3e0c29bfb64e9b8cba464152502ba0a2.jpg,0,1,0
NU-329-_jpg.rf.16311876348f970e62b74e70ef8b93cd.jpg,1,0,0
Malnurished-311-_jpg.rf.f2dbbe8c0db7ccac79e9782baca98bb6.jpg,0,0,1